Player_ID,Player,Team,LastSeason,norm,current
P000229,"JACKSON, EDWIN",ASV,2025,edwin jackson,False
P000796,"MIROTIC, NIKOLA",PAM,2026,nikola mirotic,True
P000848,"NEDOVIC, NEMANJA",MCO,2025,nemanja nedovic,False
P000898,"VALANCIUNAS, JONAS",ZAL,2026,jonas valanciunas,True
P000925,"VESELY, JAN",BAR,2025,jan vesely,False
P000956,"ANDJUSIC, DANILO",DUB,2025,danilo andjusic,False
P001133,"SHENGELIA, TORNIKE",DUB,2026,tornike shengelia,True
P001255,"PAPANIKOLAOU, KOSTAS",OLY,2026,kostas papanikolaou,True
P001288,"LUCIC, VLADIMIR",MUN,2026,vladimir lucic,True
P001518,"RICCI, GIAMPAOLO",MIL,2026,giampaolo ricci,True
P001557,"GIFFEY, NIELS",MUN,2025,niels giffey,False
P001844,"HACKETT, DANIEL",VIR,2026,daniel hackett,True
P001926,"SLOUKAS, KOSTAS",PAN,2025,kostas sloukas,False
P001932,"CALATHES, NICK",PAR,2025,nick calathes,False
P002100,"DE COLO, NANDO",ULK,2025,nando de colo,False
P002328,"GRIGONIS, MARIUS",ZAL,2026,marius grigonis,True
P002329,"ULANOVAS, EDGARAS",ZAL,2026,edgaras ulanovas,True
P002580,"MICIC, VASILIJE",HTA,2026,vasilije micic,True
P002661,"PREPELIC, KLEMEN",DUB,2025,klemen prepelic,False
P002676,"BUTKEVICIUS, ARNAS",ZAL,2026,arnas butkevicius,True
P002849,"MELLI, NICOLO",ULK,2026,nicolo melli,True
P002939,"SATORANSKY, TOMAS",HTA,2026,tomas satoransky,True
P002968,"SANLI, SERTAC",ULK,2026,sertac sanli,True
P002969,"MAHMUTOGLU, MELIH",ULK,2025,melih mahmutoglu,False
P003048,"DUNSTON, BRYANT",OLY,2026,bryant dunston,True
P003091,"BIRSEN, METECAN",BES,2026,metecan birsen,True
P003108,"HEZONJA, MARIO",MAD,2025,mario hezonja,False
P003112,"SARIC, DARIO",IST,2026,dario saric,True
P003196,"HERNANGOMEZ, WILLY",BAR,2025,willy hernangomez,False
P003458,"BERTANS, DAVIS",DUB,2026,davis bertans,True
P003469,"VEZENKOV, SASHA",OLY,2026,sasha vezenkov,True
P003526,"LIGHTY, DAVID",ASV,2026,david lighty,True
P003527,"ABASS, AWUDU",DUB,2025,awudu abass,False
P003733,"ABALDE, ALBERTO",MAD,2026,alberto abalde,True
P003783,"UGURLU, BERK",BES,2026,berk ugurlu,True
P003836,"MICHINEAU, DAVID",MCO,2025,david michineau,False
P003842,"LESSORT, MATHIAS",PAN,2026,mathias lessort,True
P003941,"MILUTINOV, NIKOLA",OLY,2026,nikola milutinov,True
P003958,"THIEMANN, JOHANNES",MUN,2026,johannes thiemann,True
P003983,"AVRAMOVIC, ALEKSA",DUB,2025,aleksa avramovic,False
P004004,"GUDURIC, MARKO",MIL,2026,marko guduric,True
P004007,"DOBRIC, OGNJEN",RED,2026,ognjen dobric,True
P004088,"OSMAN, CEDI",PAN,2025,cedi osman,False
P004093,"YILDIZLI, BURAKCAN",IST,2025,burakcan yildizli,False
P004132,"THEIS, DANIEL",TEL,2026,daniel theis,True
P004161,"SEGEV, ITAY",HTA,2025,itay segev,False
P004197,"OUATTARA, YAKUBA",PRS,2025,yakuba ouattara,False
P004292,"TOLIOPOULOS, VASSILIS",PAN,2025,vassilis toliopoulos,False
P004451,"KOUZELOGLOU, IOANNIS",PAN,2025,ioannis kouzeloglou,False
P004508,"OBST, ANDREAS",MUN,2026,andreas obst,True
P004512,"KRATZER, LEON",MUN,2025,leon kratzer,False
P004554,"ZIZIC, ANTE",BES,2026,ante zizic,True
P004655,"BAKO, ISMAEL",PRS,2025,ismael bako,False
P004761,"MARINKOVIC, VANJA",PAR,2025,vanja marinkovic,False
P004846,"TIMOR, BAR",HTA,2026,bar timor,True
P004863,"JOVIC, STEFAN",MUN,2025,stefan jovic,False
P004866,"KALINIC, NIKOLA",RED,2025,nikola kalinic,False
P004887,"POIRIER, VINCENT",IST,2025,vincent poirier,False
P004888,"CLYBURN, WILL",ULK,2026,will clyburn,True
P005353,"YURTSEVEN, OMER",PAN,2025,omer yurtseven,False
P005356,"LOPEZ-AROSTEGUI, XABI",PAM,2025,xabi lopez arostegui,False
P005368,"YUSTA, SANTI",IST,2026,santi yusta,True
P005379,"CANCAR, VLATKO",MIL,2025,vlatko cancar,False
P005422,"JALLOW, KARIM",VIR,2025,karim jallow,False
P005504,"BIRUTIS, LAURYNAS",ZAL,2025,laurynas birutis,False
P005596,"SIMA, YANKUBA",PAM,2025,yankuba sima,False
P005637,"TANASKOVIC, NIKOLA",PAR,2026,nikola tanaskovic,True
P005670,"FLACCADORI, DIEGO",MIL,2026,diego flaccadori,True
P005683,"RADANOV, ALEKSA",PAR,2025,aleksa radanov,False
P005713,"KURUCS, RODIONS",BAS,2026,rodions kurucs,True
P005791,"TAVARES, WALTER",MAD,2026,walter tavares,True
P005793,"SY, BANDJA",PAR,2026,bandja sy,True
P005844,"PAPAGIANNIS, GEORGIOS",IST,2025,georgios papagiannis,False
P005928,"CAMPAZZO, FACUNDO",MAD,2026,facundo campazzo,True
P005942,"DANGUBIC, NEMANJA",DUB,2025,nemanja dangubic,False
P005985,"JAMES, MIKE",IST,2026,mike james,True
P006020,"EBO, AMIT",TEL,2025,amit ebo,False
P006085,"DIMITRIJEVIC, NENO",MUN,2025,neno dimitrijevic,False
P006240,"PLAVSIC, UROS",RED,2025,uros plavsic,False
P006277,"TOTE, LEONARDO",MIL,2025,leonardo tote,False
P006372,"YILMAZ, ERKAN",IST,2026,erkan yilmaz,True
P006435,"LAPROVITTOLA, NICOLAS",BAR,2025,nicolas laprovittola,False
P006482,"KRAMER, DAVID",RED,2026,david kramer,True
P006509,"TONUT, STEFANO",MIL,2026,stefano tonut,True
P006540,"MUSA, DZANAN",DUB,2025,dzanan musa,False
P006544,"MORAITIS, DIMITRIS",PAN,2026,dimitris moraitis,True
P006568,"FALL, YOUSSOUPHA",BAR,2025,youssoupha fall,False
P006590,"BEAUBOIS, RODRIGUE",IST,2025,rodrigue beaubois,False
P006591,"NTILIKINA, FRANK",PRS,2026,frank ntilikina,True
P006643,"PUERTO, JOSEP",PAM,2026,josep puerto,True
P006661,"WILBEKIN, SCOTTIE",BES,2026,scottie wilbekin,True
P006707,"BALDASSO, TOMMASO",VIR,2026,tommaso baldasso,True
P006725,"EBOUA, PAUL",ASV,2025,paul eboua,False
P006739,"PAJOLA, ALESSANDRO",PAR,2026,alessandro pajola,True
P006760,"BONGA, ISAAC",PAN,2026,isaac bonga,True
P006832,"PONS, YVES",ASV,2026,yves pons,True
P006833,"SARR, OLIVIER",MAD,2026,olivier sarr,True
P006835,"HOARD, JAYLEN",TEL,2026,jaylen hoard,True
P006896,"SARGIUNAS, IGNAS",ULK,2026,ignas sargiunas,True
P006904,"AYAYI, JOEL",PRS,2025,joel ayayi,False
P006961,"BIBEROVIC, TARIK",ULK,2025,tarik biberovic,False
P007027,"MALEDON, THEO",MAD,2026,theo maledon,True
P007029,"SIRVYDIS, DEIVIDAS",ZAL,2026,deividas sirvydis,True
P007032,"LO, MAODO",ZAL,2026,maodo lo,True
P007056,"BOOKER, DEVIN",MIL,2026,devin booker,True
P007109,"SMITS, ROLANDS",IST,2025,rolands smits,False
P007182,"BIRCH, KHEM",ULK,2025,khem birch,False
P007200,"LARKIN, SHANE",IST,2025,shane larkin,False
P007201,"VOIGTMANN, JOHANNES",MUN,2026,johannes voigtmann,True
P007230,"SEDEKERSKIS, TADAS",BAS,2026,tadas sedekerskis,True
P007464,"PARRA, JOEL",BAR,2026,joel parra,True
P007513,"GIEDRAITIS, DOVYDAS",ZAL,2026,dovydas giedraitis,True
P007519,"JOKUBAITIS, ROKAS",MUN,2026,rokas jokubaitis,True
P007527,"BADIO, BRANCOU",PAN,2026,brancou badio,True
P007553,"BALCEROWSKI, OLEK",BAR,2026,olek balcerowski,True
P007579,"SAMANIC, LUKA",BAS,2025,luka samanic,False
P007630,"GARUBA, USMAN",MAD,2025,usman garuba,False
P007632,"NAKIC, MARIO",PAR,2026,mario nakic,True
P007673,"TRIFUNOVIC, UROS",TEL,2025,uros trifunovic,False
P007705,"CANKA, ABRAMO",VIR,2025,abramo canka,False
P007736,"LAKIC, ARIJAN",PAR,2026,arijan lakic,True
P007831,"SHIELDS, SHAVON",ULK,2026,shavon shields,True
P007853,"MCKISSIC, SHAQUIELLE",OLY,2025,shaquielle mckissic,False
P007866,"MITOGLOU, KONSTANTINOS",PAN,2026,konstantinos mitoglou,True
P007929,"BITIM, ONURALP",ULK,2026,onuralp bitim,True
P007947,"VILDOZA, LUCA",PAR,2026,luca vildoza,True
P007960,"DAVIDOVAC, DEJAN",RED,2025,dejan davidovac,False
P007975,"FRANCISCO, SYLVAIN",PAN,2026,sylvain francisco,True
P007982,"WILLIAMS-GOSS, NIGEL",ZAL,2026,nigel williams goss,True
P007990,"DIBARTOLOMEO, JOHN",TEL,2026,john dibartolomeo,True
P007993,"M'BAYE, AMATH",PRS,2025,amath mbaye,False
P008072,"DIOP, KHALIFA",BAS,2025,khalifa diop,False
P008084,"MANTZOUKAS, ELEFTHERIOS",PAN,2026,eleftherios mantzoukas,True
P008099,"STRAZEL, MATTHEW",IST,2026,matthew strazel,True
P008104,"ZAGARS, ARTURS",ULK,2025,arturs zagars,False
P008161,"BEGARIN, JUHANN",MCO,2025,juhann begarin,False
P008173,"SPAGNOLO, MATTEO",BAS,2026,matteo spagnolo,True
P008176,"MUTAF, DAVID",IST,2025,david mutaf,False
P008186,"BLAZEVIC, MAREK",ZAL,2026,marek blazevic,True
P008192,"TUBELIS, AZUOLAS",ZAL,2026,azuolas tubelis,True
P008232,"POKUSEVSKI, ALEKSEJ",PAR,2025,aleksej pokusevski,False
P008325,"KAMENJAS, KENAN",DUB,2025,kenan kamenjas,False
P008384,"PROCIDA, GABRIELE",MAD,2026,gabriele procida,True
P008811,"FALL, MOUSTAPHA",OLY,2025,moustapha fall,False
P008829,"PETERS, ALEC",MIL,2026,alec peters,True
P008855,"WALKUP, THOMAS",DUB,2026,thomas walkup,True
P008858,"ENNIS, TYLER",HTA,2025,tyler ennis,False
P008912,"CARRINGTON, KHADEEN",HTA,2026,khadeen carrington,True
P008962,"HAYES-DAVIS, NIGEL",PAN,2025,nigel hayes davis,False
P008985,"BOLMARO, LEANDRO",MIL,2026,leandro bolmaro,True
P008987,"LEDAY, ZACH",HTA,2026,zach leday,True
P009005,"DECK, GABRIEL",MAD,2026,gabriel deck,True
P009025,"BROWN, ANTHONY",BES,2026,anthony brown,True
P009035,"BOLOMBOY, JOEL",ASV,2026,joel bolomboy,True
P009048,"MILLER-MCINTYRE, CODI",OLY,2026,codi miller mcintyre,True
P009299,"RUBSTAVICIUS, MANTAS",ZAL,2025,mantas rubstavicius,False
P009513,"HOLLATZ, JUSTUS",MUN,2026,justus hollatz,True
P009549,"CORDINIER, ISAIA",IST,2025,isaia cordinier,False
P009556,"NGOUAMA, MEHDY",ASV,2025,mehdy ngouama,False
P009622,"BROWN, LORENZO",MIL,2025,lorenzo brown,False
P009664,"WILLIS, DEREK",PAR,2026,derek willis,True
P009680,"MORGAN, CONOR",BES,2026,conor morgan,True
P009733,"JEKIRI, TONYE",PAR,2026,tonye jekiri,True
P009754,"LOYD, JORDAN",IST,2026,jordan loyd,True
P009783,"COLSON, BONZIE",TEL,2026,bonzie colson,True
P009846,"BRYANT, ELIJAH",HTA,2026,elijah bryant,True
P009849,"DORSEY, TYLER",OLY,2026,tyler dorsey,True
P009862,"PUNTER, KEVIN",BAR,2026,kevin punter,True
P009863,"BALDWIN IV, WADE",ULK,2026,wade baldwin iv,True
P009877,"BLAYZER, OZ",HTA,2025,oz blayzer,False
P009948,"MARCOS, JUANI",BAR,2025,juani marcos,False
P009992,"BRIZUELA, DARIO",BAR,2026,dario brizuela,True
P010035,"VILLAR, RAFA",BAS,2025,rafa villar,False
P010042,"MONTERO, JEAN",OLY,2026,jean montero,True
P010062,"UBAL, AGUSTIN",BAR,2026,agustin ubal,True
P010091,"PLOTAS, NIKOLAOS",OLY,2026,nikolaos plotas,True
P010105,"ALMANSA, IZAN",MAD,2025,izan almansa,False
P010106,"NUNEZ, JUAN",BAR,2026,juan nunez,True
P010162,"NOGUES, ISAAC",PAM,2025,isaac nogues,False
P010316,"AJINCA, MELVIN",ASV,2025,melvin ajinca,False
P010318,"DESSERT, BRICE",IST,2025,brice dessert,False
P010319,"TRAORE, ARMEL",ASV,2025,armel traore,False
P010357,"YABUSELE, GUERSCHON",PAN,2026,guerschon yabusele,True
P010390,"HAYES, KEVARRIUS",PAR,2026,kevarrius hayes,True
P010391,"WEILER-BABB, NICK",RED,2026,nick weiler babb,True
P010392,"LARENTZAKIS, GIANNOULIS",OLY,2025,giannoulis larentzakis,False
P010393,"PRADILLA, JAIME",MAD,2026,jaime pradilla,True
P010431,"MORGAN, JEREMY",PRS,2026,jeremy morgan,True
P010444,"COSTELLO, MATTHEW",PAM,2025,matthew costello,False
P010465,"ANGOLA, BRAIAN",ASV,2025,braian angola,False
P010545,"SAKO, NEAL",PAM,2026,neal sako,True
P010550,"GINAT, TOMER",HTA,2025,tomer ginat,False
P010568,"JONES, CHRIS",RED,2026,chris jones,True
P010581,"OSETKOWSKI, DYLAN",PAM,2026,dylan osetkowski,True
P010726,"JENSEN, TOBIAS",MUN,2026,tobias jensen,True
P010750,"DE LARREA, SERGIO",PAM,2025,sergio de larrea,False
P010781,"LUNDBERG, IFFE",TEL,2026,iffe lundberg,True
P010788,"QUEREJETA, JOSEBA",BAS,2025,joseba querejeta,False
P011051,"SMAILAGIC, ALEN",VIR,2025,alen smailagic,False
P011052,"MADAR, YAM",TEL,2026,yam madar,True
P011064,"MANNION, NICCOLO",MIL,2025,niccolo mannion,False
P011078,"THOMPSON, DARIUS",MIL,2026,darius thompson,True
P011085,"ROGKAVOPOULOS, NIKOLAOS",PAN,2026,nikolaos rogkavopoulos,True
P011157,"MOTLEY, JOHNATHAN",RED,2026,johnathan motley,True
P011193,"BLATT, TAMIR",TEL,2025,tamir blatt,False
P011194,"PETRUSEV, FILIP",DUB,2026,filip petrusev,True
P011196,"HALL, DONTA",OLY,2026,donta hall,True
P011199,"NEBO, JOSH",MIL,2025,josh nebo,False
P011201,"HAZER, SEHMUS",IST,2025,sehmus hazer,False
P011204,"GRANT, JERIAN",PAN,2026,jerian grant,True
P011205,"HALL, DEVON",MIL,2026,devon hall,True
P011209,"KALAITZAKIS, PANAGIOTIS",PAN,2026,panagiotis kalaitzakis,True
P011212,"OKOBO, ELIE",DUB,2026,elie okobo,True
P011214,"RIVERO, JASIEL",PAM,2026,jasiel rivero,True
P011217,"TAYLOR, KAMERON",PAM,2026,kameron taylor,True
P011218,"EVANS, KEENAN",OLY,2025,keenan evans,False
P011219,"SORKIN, ROMAN",TEL,2026,roman sorkin,True
P011221,"ANTETOKOUNMPO, KOSTAS",OLY,2025,kostas antetokounmpo,False
P011226,"DIALLO, ALPHA",MCO,2025,alpha diallo,False
P011231,"BLOSSOMGAME, JARON",DUB,2026,jaron blossomgame,True
P011244,"DA SILVA, OSCAR",MUN,2026,oscar da silva,True
P011247,"FELIZ, ANDRES",MAD,2026,andres feliz,True
P011284,"FARIED, KENNETH",BAS,2026,kenneth faried,True
P011286,"BACON, DWAYNE",DUB,2026,dwayne bacon,True
P011305,"CARTER, TYSON",RED,2026,tyson carter,True
P011442,"SAMODUROV, ALEXANDROS",PAN,2025,alexandros samodurov,False
P011686,"RADOSIC, OGNJEN",RED,2025,ognjen radosic,False
P011706,"SAINT-SUPERY, MARIO",PAM,2026,mario saint supery,True
P011816,"AKELE, NICOLA",VIR,2025,nicola akele,False
P011823,"ODIASE, TAI",HTA,2026,tai odiase,True
P011836,"MIKE, ISIAHA",MUN,2025,isiaha mike,False
P011924,"ALLMAN, KYLE",PAR,2026,kyle allman,True
P011927,"SLEVA, DUSTIN",ZAL,2026,dustin sleva,True
P011935,"MAKOUNDOU, YOAN",MCO,2025,yoan makoundou,False
P011948,"HOWARD, MARKUS",BAS,2026,markus howard,True
P011949,"HOMMES, DAULTON",PRS,2026,daulton hommes,True
P011980,"SESTINA, NATHAN",ASV,2026,nathan sestina,True
P011981,"JONES, TYRIQUE",OLY,2026,tyrique jones,True
P011982,"OJELEYE, SEMI",RED,2026,semi ojeleye,True
P011983,"BRAZDEIKIS, IGNAS",ZAL,2025,ignas brazdeikis,False
P011987,"EDWARDS, CARSEN",ZAL,2026,carsen edwards,True
P012044,"DOS SANTOS, YAGO",RED,2025,yago dos santos,False
P012080,"LUWAWU-CABARROT, TIMOTHE",MAD,2026,timothe luwawu cabarrot,True
P012096,"CABOCLO, BRUNO",HTA,2026,bruno caboclo,True
P012167,"BOSNJAKOVIC, MITAR",PAR,2025,mitar bosnjakovic,False
P012185,"DAUBARIS, DOMINYKAS",ZAL,2025,dominykas daubaris,False
P012201,"MONEKE, CHIMA",RED,2026,chima moneke,True
P012268,"ATAMNA, ADAM",ASV,2025,adam atamna,False
P012336,"GOLD, TAMIR",TEL,2025,tamir gold,False
P012365,"HRABAR, VIT",BAS,2025,vit hrabar,False
P012403,"FAYE, MOUHAMED",PRS,2026,mouhamed faye,True
P012515,"TARPEY, TERRY",PRS,2026,terry tarpey,True
P012585,"MORGAN, MATTHEW",VIR,2025,matthew morgan,False
P012593,"ELLIS, QUINN",MIL,2025,quinn ellis,False
P012597,"BALDWIN, KAMAR",MUN,2025,kamar baldwin,False
P012606,"WRIGHT IV, MCKINLEY",DUB,2026,mckinley wright iv,True
P012608,"SHORTS, TJ",PAM,2026,tj shorts,True
P012609,"MALCOLM, COLLIN",IST,2026,collin malcolm,True
P012610,"WARD, TYSON",OLY,2026,tyson ward,True
P012611,"HERRERA, SEBASTIAN",PRS,2026,sebastian herrera,True
P012612,"SHAHRVIN, ENZO",PRS,2025,enzo shahrvin,False
P012613,"JANTUNEN, MIKAEL",MAD,2026,mikael jantunen,True
P012618,"MASSA, BODIAN",ASV,2026,bodian massa,True
P012640,"HIFI, NADIR",PRS,2026,nadir hifi,True
P012687,"NIANG, SALIOU",VIR,2025,saliou niang,False
P012700,"STEWART, DJ",BAS,2026,dj stewart,True
P012707,"CARR, MARCUS",VIR,2026,marcus carr,True
P012710,"OSMANI, ERCAN",IST,2026,ercan osmani,True
P012712,"HERNANGOMEZ, JUANCHO",PAN,2026,juancho hernangomez,True
P012720,"BROWN, STERLING",ZAL,2026,sterling brown,True
P012731,"NDIAYE, MBAYE",OLY,2026,mbaye ndiaye,True
P012738,"REUVERS, NATHAN",PAM,2026,nathan reuvers,True
P012742,"DOZIER, PJ",IST,2026,pj dozier,True
P012745,"PARKER, JABARI",PAR,2025,jabari parker,False
P012774,"NUNN, KENDRICK",PAN,2025,kendrick nunn,False
P012788,"OTURU, DAN",HTA,2026,dan oturu,True
P012795,"ANDERSON, JUSTIN",DUB,2025,justin anderson,False
P012796,"KABENGELE, MFIONDU",DUB,2026,mfiondu kabengele,True
P012878,"WRIGHT, MOSES",MIL,2026,moses wright,True
P012885,"KEITA, SAYON",BAR,2025,sayon keita,False
P012925,"CECCATO, MATTIA",MIL,2025,mattia ceccato,False
P012934,"PAVLOVIC, NOVAK",RED,2025,novak pavlovic,False
P012943,"MIJAILOVIC, UROS",PAR,2025,uros mijailovic,False
P012948,"NEDELJKOVIC, ALEKSEJ",RED,2025,aleksej nedeljkovic,False
P012977,"MIKALAUSKAS, KAJUS",ZAL,2025,kajus mikalauskas,False
P012997,"MUURINEN, MIIKKA",PAR,2025,miikka muurinen,False
P013013,"STOJKOVIC, LAZAR",RED,2025,lazar stojkovic,False
P013016,"WADE, MARVYN",ASV,2025,marvyn wade,False
P013027,"ACCORSI, MATTEO",VIR,2025,matteo accorsi,False
P013028,"BAIOCCHI, MATTEO",VIR,2025,matteo baiocchi,False
P013250,"DEJULIUS, DAVID",BES,2026,david dejulius,True
P013269,"CALE, MYLES",ASV,2026,myles cale,True
P013278,"WILEY, AUSTIN",MUN,2026,austin wiley,True
P013283,"PALATIN, GUY",HTA,2025,guy palatin,False
P013284,"WAINRIGHT, ISH",HTA,2026,ish wainright,True
P013285,"DOTSON, DEVON",BES,2026,devon dotson,True
P013289,"SANTOS, MARCIO",TEL,2025,marcio santos,False
P013290,"JESSUP, JUSTINIAN",MUN,2026,justinian jessup,True
P013304,"HANKINS, ZACHARY",TEL,2025,zachary hankins,False
P013363,"NWORA, JORDAN",RED,2026,jordan nwora,True
P013367,"FORREST, TRENT",ULK,2026,trent forrest,True
P013369,"JONES, CARLIK",PAR,2026,carlik jones,True
P013370,"WASHINGTON, DUANE",MUN,2026,duane washington,True
P013371,"HARRISON, SHAQUILLE",ASV,2025,shaquille harrison,False
P013373,"CAVALIERE, LEOPOLD",PRS,2026,leopold cavaliere,True
P013374,"DIOUF, MOUHAMET",VIR,2026,mouhamet diouf,True
P013378,"RATHAN-MAYES, XAVIER",MUN,2025,xavier rathan mayes,False
P013380,"FOURNIER, EVAN",OLY,2026,evan fournier,True
P013381,"RAYMAN, WILLIAM",TEL,2026,william rayman,True
P013382,"RANDOLPH, LEVI",HTA,2025,levi randolph,False
P013383,"GABRIEL, WENYEN",BES,2026,wenyen gabriel,True
P013384,"BROOKS, ARMONI",PAM,2026,armoni brooks,True
P013385,"DIOP, OUSMANE",MIL,2025,ousmane diop,False
P013386,"MCCORMACK, DAVID",MUN,2025,david mccormack,False
P013389,"LEE, SABEN",IST,2025,saben lee,False
P013402,"BLAKENEY, ANTONIO",HTA,2026,antonio blakeney,True
P013403,"WALKER IV, LONNIE",TEL,2025,lonnie walker iv,False
P013422,"FENEMEN, RUZGAR",IST,2025,ruzgar fenemen,False
P013506,"BINGHAM, MARCUS",ULK,2026,marcus bingham,True
P013555,"GRINVALDS, GUNARS",MAD,2025,gunars grinvalds,False
P013579,"FISCHER, KILIAN",MUN,2025,kilian fischer,False
P013667,"FERNANDO, BRUNO",IST,2026,bruno fernando,True
P013699,"CLARK III, JIMMY",TEL,2026,jimmy clark iii,True
P013855,"GIBSON, UMOJA",BAR,2026,umoja gibson,True
P013900,"GACH, BOTH",ASV,2026,both gach,True
P013929,"COLE, RJ",MIL,2026,rj cole,True
P013943,"RUSSELL, DARON",IST,2026,daron russell,True
P014004,"TAYLOR, BRANDON",VIR,2025,brandon taylor,False
P014005,"ALSTON JR., DERRICK",VIR,2026,derrick alston jr,True
P014006,"OKEKE, CHUMA",MAD,2026,chuma okeke,True
P014007,"MILTON, SHAKE",PAR,2025,shake milton,False
P014008,"ROBINSON, JUSTIN",BAR,2026,justin robinson,True
P014009,"STEVENS, LAMAR",PAR,2026,lamar stevens,True
P014010,"DOKOSSI, ALLAN",PRS,2026,allan dokossi,True
P014011,"HOLMES, RICHAUN",PAN,2025,richaun holmes,False
P014012,"LEAF, TJ",TEL,2025,tj leaf,False
P014013,"WATSON, GLYNN",ASV,2025,glynn watson,False
P014014,"VAUTIER, BASTIEN",ASV,2025,bastien vautier,False
P014015,"BACOT JR., ARMANDO",TEL,2026,armando bacot jr,True
P014016,"BOSTON JR., BRANDON",ULK,2025,brandon boston jr,False
P014025,"SWIDER, COLE",IST,2025,cole swider,False
P014026,"FRISCH, CLEMENT",BAS,2026,clement frisch,True
P014027,"DIAKITE, MAMADI",DUB,2026,mamadi diakite,True
P014028,"GRAHAM, DEVONTE",RED,2025,devonte graham,False
P014029,"IZUNDU, EBUKA",RED,2026,ebuka izundu,True
P014031,"KONDIC, KOSTA",DUB,2026,kosta kondic,True
P014086,"DIALLO, HAMIDOU",BAS,2025,hamidou diallo,False
P014088,"SELJAAS, ZACHARY",ASV,2025,zachary seljaas,False
P014094,"MILJENOVIC, STEFAN",RED,2026,stefan miljenovic,True
P014102,"JONES, KAI",IST,2026,kai jones,True
P014105,"BOL, JUOM MAKER",BAS,2025,juom maker bol,False
P014106,"KHATIASHVILI, MATE",BAS,2025,mate khatiashvili,False
P014107,"JOKSIMOVIC, STEFAN",BAS,2026,stefan joksimovic,True
P014108,"DIARRA, ALIOU",VIR,2026,aliou diarra,True
P014115,"MOORE, OMARI",PAM,2026,omari moore,True
P014117,"LYLES, TREY",MAD,2025,trey lyles,False
P014119,"NOWELL, MARKQUIS",BAS,2025,markquis nowell,False
P014120,"LAVI, GUR",TEL,2025,gur lavi,False
P014121,"OMORUYI, CLIFFORD",TEL,2025,clifford omoruyi,False
P014122,"NETZIPOGLOU, OMIROS",OLY,2025,omiros netzipoglou,False
P014123,"DOWTIN JR, JEFFREY",TEL,2025,jeffrey dowtin jr,False
P014124,"HORTON TUCKER, TALEN",ULK,2026,talen horton tucker,True
P014127,"BRISSETT, O'SHAE J",TEL,2026,oshae j brissett,True
P014128,"KUSTURICA, NIKOLA",BAR,2025,nikola kusturica,False
P014133,"IROEGBU, IKE",PAM,2025,ike iroegbu,False
P014134,"NORRIS, MILES",MUN,2026,miles norris,True
P014141,"ARMSTRONG, TARAN",DUB,2025,taran armstrong,False
P014152,"SIMMONS, KOBI",BAS,2026,kobi simmons,True
P014157,"ELLIS, BOOGIE",DUB,2025,boogie ellis,False
P014162,"DINWIDDIE, SPENCER",MUN,2025,spencer dinwiddie,False
P014163,"BUTLER, JARED",RED,2026,jared butler,True
P014168,"KEY, BRAXTON",ULK,2026,braxton key,True
P014169,"LEN, ALEX",MAD,2025,alex len,False
P014177,"RYAN, MATT",DUB,2025,matt ryan,False
P014178,"RHODEN, JARED",PRS,2026,jared rhoden,True
P014190,"RADZEVICIUS, GYTIS",BAS,2025,gytis radzevicius,False
P014207,"OMORUYI, EUGENE",BES,2026,eugene omoruyi,True
P014209,"VOGOGNA, JACOPO",MIL,2025,jacopo vogogna,False
P014212,"MORRIS, MONTE",OLY,2025,monte morris,False
P014213,"PAYNE, CAMERON",PAR,2025,cameron payne,False
P014219,"FERRARI, FRANCESCO",VIR,2026,francesco ferrari,True
P014220,"SILVA, CHRIS",ULK,2026,chris silva,True
P014316,"JOSEPH, CORY",OLY,2026,cory joseph,True
P014416,"EDWARDS, KESSLER",VIR,2026,kessler edwards,True
P014731,"MINTZ, DAVION",DUB,2026,davion mintz,True
P014732,"BEAUCHAMP, MARJON",MUN,2026,marjon beauchamp,True
P014733,"JUZANG, JOHNNY",ULK,2026,johnny juzang,True
P014734,"LAWSON, A.J.",BAS,2026,a j lawson,True
P014735,"DUARTE, CHRIS",BAS,2026,chris duarte,True
P014736,"BAUGH, DAMION",BAS,2026,damion baugh,True
P014737,"MOORE, WENDELL",VIR,2026,wendell moore,True
P014738,"KLINTMAN, BO",VIR,2026,bo klintman,True
P014740,"CORBALAN, GONZALO",PAM,2026,gonzalo corbalan,True
P014741,"CARDENAS, ALVARO",PAM,2026,alvaro cardenas,True
P014742,"THOMPSON, ETHAN",PAR,2026,ethan thompson,True
P014782,"BURNELL, JASON",MIL,2026,jason burnell,True
P014783,"MATHEWS, GARRISON",MIL,2026,garrison mathews,True
P014785,"JEFFRIES, DAQUAN",BES,2026,daquan jeffries,True
P014786,"NOWELL, JAYLEN",BES,2026,jaylen nowell,True
P014802,"BELLO, RASHEED",VIR,2026,rasheed bello,True
P015029,"FRAZIER, TRENT",VIR,2026,trent frazier,True
P015085,"WALLACE, KEATON",TEL,2026,keaton wallace,True
P015103,"JONES, DAMIAN",MAD,2026,damian jones,True
P015138,"MARTIN, TYRESE",BAR,2026,tyrese martin,True
P015139,"UMUDE, STANLEY",BAR,2026,stanley umude,True
P015140,"NKAMHOUA, OLIVIER",BAR,2026,olivier nkamhoua,True
P015142,"MINAYA, JUSTIN",BAR,2026,justin minaya,True
P015143,"ETIENNE, TYSON",PRS,2026,tyson etienne,True
P015151,"TOPPIN, JACOB",HTA,2026,jacob toppin,True
P015152,"GERMAN, EUGENE",HTA,2026,eugene german,True
P015160,"JOHNSON, ALIZE",PRS,2026,alize johnson,True
P015161,"FODZO DADA, MARC-OWEN",ASV,2026,marc owen fodzo dada,True
P015163,"MILLS, PATTY",ASV,2026,patty mills,True
P015164,"BESSON, HUGO",ASV,2026,hugo besson,True
P015165,"WATERS, TREMONT",ASV,2026,tremont waters,True
P015166,"CROWDER, JAE",ASV,2026,jae crowder,True
P015168,"WARREN, TJ",PRS,2026,tj warren,True
P015244,"SMITH JR, NICK",MAD,2026,nick smith jr,True
PKLT,"HEURTEL, THOMAS",ASV,2025,thomas heurtel,False
PLCZ,"MOTIEJUNAS, DONATAS",RED,2025,donatas motiejunas,False
PTGB,"LLULL, SERGIO",MAD,2025,sergio llull,False
