date,matchday,file_hash,key,name,pos,team,price,fpt_avg,plus
2026-09-30,2,866a041da2076957,13369,Carlik Jones,G,PAR,14.5,32.5,1.4
2026-09-30,2,866a041da2076957,3469,Sasha Vezenkov,F,OLY,17.6,30.8,1.0
2026-09-30,2,866a041da2076957,3842,Mathias Lessort,C,PAO,15.0,30.8,0.6
2026-09-30,2,866a041da2076957,11286,Dwayne Bacon,F,DUB,13.5,27.5,1.0
2026-09-30,2,866a041da2076957,15166,Jae Crowder,F,ASV,10.2,27.5,0.7
2026-09-30,2,866a041da2076957,9862,Kevin Punter,G,BAR,14.0,26.1,0.9
2026-09-30,2,866a041da2076957,898,Jonas Valanciunas,C,ZAL,15.9,23.7,0.5
2026-09-30,2,866a041da2076957,8192,Azuolas Tubelis,F,ZAL,11.6,23.7,0.9
2026-09-30,2,866a041da2076957,9846,Elijah Bryant,G,HTA,15.3,23.6,0.5
2026-09-30,2,866a041da2076957,12608,TJ Shorts,G,VBC,15.1,22.0,0.4
2026-09-30,2,866a041da2076957,10042,Jean Montero,G,OLY,13.1,22.0,0.7
2026-09-30,2,866a041da2076957,14124,Talen Horton-Tucker,G,FBT,12.8,22.0,0.6
2026-09-30,2,866a041da2076957,12788,Dan Oturu,C,HTA,14.9,21.0,0.4
2026-09-30,2,866a041da2076957,9849,Tyler Dorsey,G,OLY,13.3,20.4,0.5
2026-09-30,2,866a041da2076957,6835,Jaylen Hoard,F,MTA,15.0,20.0,0.2
2026-09-30,2,866a041da2076957,HC-PAO,Zeljko Obradovic,HC,PAO,10.3,20.0,0.3
2026-09-30,2,866a041da2076957,HC-PAR,Joan Penarroya,HC,PAR,6.8,20.0,0.6
2026-09-30,2,866a041da2076957,7975,Sylvain Francisco,G,PAO,14.9,19.8,0.1
2026-09-30,2,866a041da2076957,12796,Mfiondu Kabengele,C,DUB,14.5,19.8,0.3
2026-09-30,2,866a041da2076957,15163,Patty Mills,G,ASV,12.6,19.8,0.3
2026-09-30,2,866a041da2076957,9733,Tonye Jekiri,C,PAR,8.6,19.8,0.9
2026-09-30,2,866a041da2076957,9863,Wade Baldwin,G,FBT,14.2,19.3,0.2
2026-09-30,2,866a041da2076957,5985,Mike James,G,EFS,16.3,19.2,0.2
2026-09-30,2,866a041da2076957,796,Nikola Mirotic,F,VBC,11.8,18.7,0.4
2026-09-30,2,866a041da2076957,15161,Marc-owen Fodzo Dada,G,ASV,5.3,18.7,0.5
2026-09-30,2,866a041da2076957,3112,Dario Saric,F,EFS,14.9,18.5,0.2
2026-09-30,2,866a041da2076957,HC-FBT,Saras Jasikevicius,HC,FBT,9.0,17.5,0.4
2026-09-30,2,866a041da2076957,HC-VBC,Xavier Albert,HC,VBC,7.1,17.5,0.6
2026-09-30,2,866a041da2076957,11217,Kameron Taylor,F,VBC,12.6,16.5,0.2
2026-09-30,2,866a041da2076957,13506,Marcus Bingham,C,FBT,11.2,16.5,0.1
2026-09-30,2,866a041da2076957,7230,Tadas Sedekerskis,F,KBA,10.5,16.5,0.4
2026-09-30,2,866a041da2076957,7947,Luca Vildoza,G,PAR,7.8,16.5,0.7
2026-09-30,2,866a041da2076957,11219,Roman Sorkin,C,MTA,13.5,16.0,0.1
2026-09-30,2,866a041da2076957,3958,Johannes Thiemann,C,BAY,11.0,16.0,0.3
2026-09-30,2,866a041da2076957,13370,Duane Washington,G,BAY,10.0,16.0,0.1
2026-09-30,2,866a041da2076957,11052,Yam Madar,G,MTA,9.1,16.0,0.3
2026-09-30,2,866a041da2076957,14108,Aliou Diarra,C,VIR,6.6,16.0,0.7
2026-09-30,2,866a041da2076957,10568,Chris Jones,G,CZV,12.6,15.5,0.2
2026-09-30,2,866a041da2076957,7982,Nigel Williams-Goss,G,ZAL,9.9,15.4,0.1
2026-09-30,2,866a041da2076957,7866,Konstantinos Mitoglou,F,PAO,5.9,15.4,0.4
2026-09-30,2,866a041da2076957,7553,Aleksander Balcerowski,C,BAR,8.3,15.2,0.5
2026-09-30,2,866a041da2076957,14207,Eugene Omoruyi,F,BJK,10.6,15.0,0.1
2026-09-30,2,866a041da2076957,HC-OLY,Georgios Bartzokas,HC,OLY,10.3,15.0,0.3
2026-09-30,2,866a041da2076957,14734,Aj Lawson,G,KBA,9.1,15.0,0.4
2026-09-30,2,866a041da2076957,4004,Marko Guduric,G,MIL,9.8,14.7,0.3
2026-09-30,2,866a041da2076957,10357,Guerschon Yabusele,F,PAO,14.2,14.3,-0.1
2026-09-30,2,866a041da2076957,12712,Juancho Hernangomez,F,PAO,11.5,14.3,0.1
2026-09-30,2,866a041da2076957,13855,Umoja Gibson,G,BAR,10.4,14.3,0.2
2026-09-30,2,866a041da2076957,4554,Ante Zizic,C,BJK,12.0,14.0,0.0
2026-09-30,2,866a041da2076957,14163,Jared Butler,G,CZV,10.1,14.0,0.2
2026-09-30,2,866a041da2076957,7027,Theo Maledon,G,RMB,10.0,14.0,0.2
2026-09-30,2,866a041da2076957,15151,Jacob Toppin,F,HTA,9.9,14.0,0.0
2026-09-30,2,866a041da2076957,14006,Chuma Okeke,F,RMB,8.9,14.0,0.1
2026-09-30,2,866a041da2076957,12606,Mckinley Wright,G,DUB,13.3,13.8,-0.1
2026-09-30,2,866a041da2076957,13384,Armoni Brooks,G,VBC,10.2,13.8,0.2
2026-09-30,2,866a041da2076957,12610,Tyson Ward,F,OLY,7.7,13.8,0.4
2026-09-30,2,866a041da2076957,8987,Zach Leday,F,HTA,13.2,13.7,-0.1
2026-09-30,2,866a041da2076957,12720,Sterling Brown,G,ZAL,10.6,13.6,0.1
2026-09-30,2,866a041da2076957,11205,Devon Hall,G,MIL,8.5,13.5,0.4
2026-09-30,2,866a041da2076957,7201,Johannes Voigtmann,C,BAY,7.9,13.4,0.4
2026-09-30,2,866a041da2076957,12878,Moses Wright,C,MIL,13.7,13.3,-0.2
2026-09-30,2,866a041da2076957,11212,Elie Okobo,G,DUB,12.2,13.2,0.0
2026-09-30,2,866a041da2076957,14009,Lamar Stevens,F,PAR,8.3,13.2,0.4
2026-09-30,2,866a041da2076957,8084,Eleftherios Mantzoukas,F,PAO,4.8,13.2,0.3
2026-09-30,2,866a041da2076957,4508,Andreas Obst,G,BAY,10.6,13.0,0.1
2026-09-30,2,866a041da2076957,14786,Jaylen Nowell,G,BJK,9.8,13.0,0.1
2026-09-30,2,866a041da2076957,6661,Scottie Wilbekin,G,BJK,7.7,13.0,0.2
2026-09-30,2,866a041da2076957,8829,Alec Peters,F,MIL,12.0,12.7,0.0
2026-09-30,2,866a041da2076957,6739,Alessandro Pajola,G,PAR,7.6,12.7,0.4
2026-09-30,2,866a041da2076957,14416,Kessler Edwards,F,VIR,10.0,12.5,0.1
2026-09-30,2,866a041da2076957,14168,Braxton Key,F,FBT,8.6,12.1,0.2
2026-09-30,2,866a041da2076957,2849,Nicolo Melli,F,FBT,8.2,12.1,0.3
2026-09-30,2,866a041da2076957,10581,Dylan Osetkowski,F,VBC,7.7,12.1,0.2
2026-09-30,2,866a041da2076957,6832,Yves Pons,F,ASV,7.7,12.1,0.2
2026-09-30,2,866a041da2076957,3526,David Lighty,F,ASV,5.1,12.1,0.3
2026-09-30,2,866a041da2076957,13285,Devon Dotson,G,BJK,9.9,12.0,0.0
2026-09-30,2,866a041da2076957,9680,Conor Morgan,F,BJK,8.6,12.0,0.1
2026-09-30,2,866a041da2076957,11987,Carsen Edwards,G,ZAL,11.1,11.7,0.0
2026-09-30,2,866a041da2076957,8099,Matthew Strazel,G,EFS,10.3,11.6,0.0
2026-09-30,2,866a041da2076957,5637,Nikola Tanaskovic,C,PAR,7.9,11.6,0.3
2026-09-30,2,866a041da2076957,5928,Facundo Campazzo,G,RMB,13.4,11.5,-0.2
2026-09-30,2,866a041da2076957,11284,Kenneth Faried,C,KBA,9.2,11.5,0.1
2026-09-30,2,866a041da2076957,11247,Andres Feliz,G,RMB,6.3,11.5,0.4
2026-09-30,2,866a041da2076957,12201,Chima Moneke,F,CZV,15.2,11.0,-0.5
2026-09-30,2,866a041da2076957,13363,Jordan Nwora,F,CZV,12.8,11.0,-0.2
2026-09-30,2,866a041da2076957,13380,Evan Fournier,G,OLY,9.3,11.0,0.1
2026-09-30,2,866a041da2076957,11214,Jasiel Rivero,C,VBC,7.5,11.0,0.2
2026-09-30,2,866a041da2076957,7519,Rokas Jokubaitis,G,BAY,8.6,10.9,0.1
2026-09-30,2,866a041da2076957,12640,Nadir Hifi,G,PBB,14.4,10.5,-0.5
2026-09-30,2,866a041da2076957,14178,Jared Rhoden,G,PBB,8.8,10.5,0.1
2026-09-30,2,866a041da2076957,14737,Wendell Moore,G,VIR,8.8,10.5,0.1
2026-09-30,2,866a041da2076957,11982,Semi Ojeleye,F,CZV,7.5,10.5,0.2
2026-09-30,2,866a041da2076957,14102,Kai Jones,C,EFS,8.7,10.1,0.1
2026-09-30,2,866a041da2076957,15168,Tj Warren,F,PBB,11.2,10.0,-0.2
2026-09-30,2,866a041da2076957,14127,Oshae Brissett,F,MTA,10.2,10.0,0.0
2026-09-30,2,866a041da2076957,15244,Nick Smith Jr,G,RMB,8.4,10.0,-0.1
2026-09-30,2,866a041da2076957,HC-DUB,Xavi Pascual,HC,DUB,8.1,10.0,0.2
2026-09-30,2,866a041da2076957,HC-ASV,Tony Parker,HC,ASV,6.1,10.0,0.1
2026-09-30,2,866a041da2076957,11204,Jerian Grant,G,PAO,8.8,9.9,0.0
2026-09-30,2,866a041da2076957,12742,Perry Dozier,G,EFS,7.4,9.9,0.2
2026-09-30,2,866a041da2076957,6896,Ignas Sargiunas,G,FBT,6.2,9.9,0.2
2026-09-30,2,866a041da2076957,5791,Walter Tavares,C,RMB,14.3,9.5,-0.5
2026-09-30,2,866a041da2076957,7831,Shavon Shields,F,FBT,12.5,9.4,-0.3
2026-09-30,2,866a041da2076957,4888,Will Clyburn,F,FBT,12.3,9.4,-0.3
2026-09-30,2,866a041da2076957,11196,Donta Hall,C,OLY,11.0,9.4,-0.2
2026-09-30,2,866a041da2076957,10545,Neal Sako,C,VBC,9.0,9.4,0.0
2026-09-30,2,866a041da2076957,15139,Stanley Umude,G,BAR,9.0,9.3,0.0
2026-09-30,2,866a041da2076957,4132,Daniel Theis,C,MTA,12.0,9.0,-0.2
2026-09-30,2,866a041da2076957,11981,Tyrique Jones,C,OLY,12.1,8.8,-0.4
2026-09-30,2,866a041da2076957,11924,Kyle Allman,G,PAR,9.9,8.8,-0.2
2026-09-30,2,866a041da2076957,15029,Trent Frazier,G,VIR,10.1,8.5,-0.2
2026-09-30,2,866a041da2076957,13367,Trent Forrest,G,FBT,10.4,8.3,-0.3
2026-09-30,2,866a041da2076957,14115,Omari Moore,G,VBC,8.3,8.3,0.0
2026-09-30,2,866a041da2076957,11078,Darius Thompson,G,MIL,8.4,8.1,-0.1
2026-09-30,2,866a041da2076957,14008,Justin Robinson,G,BAR,12.1,8.0,-0.4
2026-09-30,2,866a041da2076957,12700,Dj Stewart,G,KBA,8.3,8.0,-0.1
2026-09-30,2,866a041da2076957,6707,Tommaso Baldasso,G,VIR,4.3,8.0,0.0
2026-09-30,2,866a041da2076957,13402,Antonio Blakeney,G,HTA,9.5,7.9,-0.2
2026-09-30,2,866a041da2076957,11194,Filip Petrusev,F,DUB,12.5,7.7,-0.5
2026-09-30,2,866a041da2076957,14027,Mamadi Diakite,C,DUB,10.0,7.7,-0.2
2026-09-30,2,866a041da2076957,15164,Hugo Besson,G,ASV,8.7,7.7,-0.1
2026-09-30,2,866a041da2076957,7527,Brancou Badio,G,PAO,8.2,7.7,-0.1
2026-09-30,2,866a041da2076957,6643,Josep Puerto,G,VBC,5.3,7.7,0.1
2026-09-30,2,866a041da2076957,15143,Tyson Etienne,G,PBB,11.0,7.5,-0.3
2026-09-30,2,866a041da2076957,12707,Marcus Carr,G,VIR,9.6,7.5,-0.3
2026-09-30,2,866a041da2076957,14029,Ebuka Izundu,C,CZV,9.4,7.5,-0.2
2026-09-30,2,866a041da2076957,11305,Tyson Carter,G,CZV,6.6,7.5,0.0
2026-09-30,2,866a041da2076957,12613,Mikael Jantunen,F,RMB,6.1,7.5,0.0
2026-09-30,2,866a041da2076957,12611,Sebastian Herrera,G,PBB,5.1,7.5,0.2
2026-09-30,2,866a041da2076957,14732,Marjon Beauchamp,F,BAY,11.0,7.3,-0.4
2026-09-30,2,866a041da2076957,12731,Mbaye Ndiaye,F,OLY,7.3,7.2,0.0
2026-09-30,2,866a041da2076957,13667,Bruno Fernando,C,EFS,10.0,7.0,-0.3
2026-09-30,2,866a041da2076957,14735,Chris Duarte,G,KBA,10.0,7.0,-0.3
2026-09-30,2,866a041da2076957,13699,Jimmy Clark III,G,MTA,9.4,7.0,-0.1
2026-09-30,2,866a041da2076957,6833,Olivier Sarr,C,RMB,9.0,7.0,-0.2
2026-09-30,2,866a041da2076957,10393,Jaime Pradilla,F,RMB,8.6,7.0,-0.2
2026-09-30,2,866a041da2076957,13383,Wenyen Gabriel,C,BJK,8.3,7.0,-0.1
2026-09-30,2,866a041da2076957,7056,Devin Booker,C,MIL,9.5,6.9,-0.3
2026-09-30,2,866a041da2076957,2676,Arnas Butkevicius,F,ZAL,7.0,6.8,0.0
2026-09-30,2,866a041da2076957,14733,Johnny Juzang,F,FBT,9.9,6.6,-0.3
2026-09-30,2,866a041da2076957,11231,Jaron Blossomgame,F,DUB,9.1,6.6,-0.3
2026-09-30,2,866a041da2076957,14782,Jason Burnell,F,MIL,8.8,6.6,-0.3
2026-09-30,2,866a041da2076957,10726,Tobias Jensen,G,BAY,6.8,6.6,-0.1
2026-09-30,2,866a041da2076957,12515,Terry Tarpey,G,PBB,6.9,6.5,-0.1
2026-09-30,2,866a041da2076957,10390,Kevarrius Hayes,C,PAR,7.5,6.2,-0.2
2026-09-30,2,866a041da2076957,13250,David Dejulius,G,BJK,9.7,6.0,-0.2
2026-09-30,2,866a041da2076957,14738,Bobi Klintman,C,VIR,9.6,6.0,-0.4
2026-09-30,2,866a041da2076957,14736,Damion Baugh,G,KBA,8.4,6.0,-0.2
2026-09-30,2,866a041da2076957,5713,Rodions Kurucs,F,KBA,6.6,6.0,-0.1
2026-09-30,2,866a041da2076957,2328,Marius Grigonis,F,ZAL,6.0,6.0,-0.1
2026-09-30,2,866a041da2076957,1518,Giampaolo Ricci,F,MIL,4.5,6.0,-0.1
2026-09-30,2,866a041da2076957,3783,Berk Ugurlu,G,BJK,4.5,6.0,0.1
2026-09-30,2,866a041da2076957,2329,Edgaras Ulanovas,F,ZAL,6.4,5.9,-0.1
2026-09-30,2,866a041da2076957,2580,Vasilije Micic,G,HTA,11.7,5.8,-0.6
2026-09-30,2,866a041da2076957,13278,Austin Wiley,C,BAY,10.7,5.7,-0.5
2026-09-30,2,866a041da2076957,12609,Collin Malcolm,F,EFS,8.1,5.6,-0.3
2026-09-30,2,866a041da2076957,9035,Joel Bolomboy,C,ASV,10.2,5.5,-0.2
2026-09-30,2,866a041da2076957,12738,Nathan Reuvers,F,VBC,10.0,5.5,-0.4
2026-09-30,2,866a041da2076957,14010,Allan Dokossi,C,PBB,8.1,5.5,-0.3
2026-09-30,2,866a041da2076957,9664,Derek Willis,F,PAR,8.0,5.5,-0.2
2026-09-30,2,866a041da2076957,13290,Justinian Jessup,G,BAY,7.8,5.5,-0.2
2026-09-30,2,866a041da2076957,8173,Matteo Spagnolo,G,KBA,6.4,5.5,-0.1
2026-09-30,2,866a041da2076957,13373,Leopold Cavaliere,F,PBB,4.8,5.5,0.0
2026-09-30,2,866a041da2076957,2968,Sertac Sanli,C,FBT,4.5,5.5,0.1
2026-09-30,2,866a041da2076957,1255,Kostas Papanikolaou,F,OLY,4.3,5.5,0.0
2026-09-30,2,866a041da2076957,15140,Olivier Nkamhoua,F,BAR,7.7,5.3,-0.3
2026-09-30,2,866a041da2076957,13284,Ish Wainright,F,HTA,6.4,5.3,-0.1
2026-09-30,2,866a041da2076957,13374,Mouhamet Diouf,C,VIR,9.3,5.0,-0.4
2026-09-30,2,866a041da2076957,15103,Damian Jones,C,RMB,9.2,5.0,-0.4
2026-09-30,2,866a041da2076957,11823,Tai Odiase,C,HTA,6.1,4.9,-0.1
2026-09-30,2,866a041da2076957,9992,Dario Brizuela,G,BAR,6.8,4.8,-0.2
2026-09-30,2,866a041da2076957,8855,Thomas Walkup,G,DUB,7.8,4.6,-0.3
2026-09-30,2,866a041da2076957,11706,Mario Saint-supery,G,VBC,4.9,4.6,-0.1
2026-09-30,2,866a041da2076957,14005,Derrick Alston Jr.,F,VIR,8.2,4.5,-0.4
2026-09-30,2,866a041da2076957,2939,Tomas Satoransky,G,HTA,9.2,4.4,-0.4
2026-09-30,2,866a041da2076957,9754,Jordan Loyd,G,EFS,9.6,4.1,-0.5
2026-09-30,2,866a041da2076957,12710,Ercan Osmani,F,EFS,9.4,4.1,-0.5
2026-09-30,2,866a041da2076957,9048,Codi Miller-Mcintyre,G,OLY,10.6,3.9,-0.6
2026-09-30,2,866a041da2076957,11927,Dustin Sleva,F,ZAL,6.3,3.8,-0.2
2026-09-30,2,866a041da2076957,7464,Joel Parra,F,BAR,6.7,3.5,-0.3
2026-09-30,2,866a041da2076957,14026,Clement Frisch,F,KBA,4.9,3.5,-0.1
2026-09-30,2,866a041da2076957,3941,Nikola Milutinov,C,OLY,14.8,3.3,-0.6
2026-09-30,2,866a041da2076957,1133,Tornike Shengelia,F,DUB,13.3,3.3,-0.9
2026-09-30,2,866a041da2076957,14783,Garrison Mathews,G,MIL,8.9,3.3,-0.4
2026-09-30,2,866a041da2076957,13943,Daron Russell,G,EFS,10.3,3.2,-0.7
2026-09-30,2,866a041da2076957,15160,Alize Johnson,F,PBB,9.5,3.0,-0.4
2026-09-30,2,866a041da2076957,9025,Anthony Brown,F,BJK,9.4,3.0,-0.3
2026-09-30,2,866a041da2076957,14152,Kobi Simmons,G,KBA,9.4,3.0,-0.6
2026-09-30,2,866a041da2076957,6482,David Kramer,G,CZV,6.6,3.0,-0.3
2026-09-30,2,866a041da2076957,14107,Stefan Joksimovic,F,KBA,4.0,3.0,0.1
2026-09-30,2,866a041da2076957,15152,Eugene German,G,HTA,7.7,2.7,-0.5
2026-09-30,2,866a041da2076957,11244,Oscar Da Silva,F,BAY,7.0,2.6,-0.4
2026-09-30,2,866a041da2076957,HC-HTA,Dimitris Itoudis,HC,HTA,8.2,2.5,-0.2
2026-09-30,2,866a041da2076957,HC-BAR,Aleksander Sekulic,HC,BAR,8.1,2.5,-0.2
2026-09-30,2,866a041da2076957,HC-ZAL,Tomas Masiulis,HC,ZAL,7.6,2.5,-0.2
2026-09-30,2,866a041da2076957,HC-EFS,Pablo Laso,HC,EFS,7.2,2.5,-0.2
2026-09-30,2,866a041da2076957,12403,Mouhamed Faye,C,PBB,6.6,2.5,-0.4
2026-09-30,2,866a041da2076957,3733,Alberto Abalde,F,RMB,4.3,2.5,-0.1
2026-09-30,2,866a041da2076957,13900,Both Gach,F,ASV,8.4,2.2,-0.3
2026-09-30,2,866a041da2076957,3458,Davis Bertans,F,DUB,5.3,2.2,-0.3
2026-09-30,2,866a041da2076957,7736,Arijan Lakic,F,PAR,4.0,2.2,0.0
2026-09-30,2,866a041da2076957,11209,Panagiotis Kalaitzakis,G,PAO,4.0,2.2,0.0
2026-09-30,2,866a041da2076957,14134,Miles Norris,F,BAY,8.6,2.1,-0.6
2026-09-30,2,866a041da2076957,5368,Santi Yusta,F,EFS,8.4,2.1,-0.6
2026-09-30,2,866a041da2076957,10431,Jeremy Morgan,F,PBB,5.9,2.0,-0.4
2026-09-30,2,866a041da2076957,14731,Davion Mintz,G,DUB,6.3,1.8,-0.4
2026-09-30,2,866a041da2076957,15142,Justin Minaya,F,BAR,7.4,1.7,-0.5
2026-09-30,2,866a041da2076957,1288,Vladimir Lucic,F,BAY,8.7,1.6,-0.6
2026-09-30,2,866a041da2076957,8985,Leandro Bolmaro,G,MIL,8.4,1.6,-0.6
2026-09-30,2,866a041da2076957,10391,Nick Weiler-Babb,G,CZV,9.4,1.5,-0.7
2026-09-30,2,866a041da2076957,8186,Marek Blazevic,C,ZAL,9.1,1.5,-0.7
2026-09-30,2,866a041da2076957,11948,Markus Howard,G,KBA,8.3,1.5,-0.6
2026-09-30,2,866a041da2076957,14219,Francesco Ferrari,F,VIR,5.1,1.5,-0.3
2026-09-30,2,866a041da2076957,13929,Rj Cole,G,MIL,7.9,1.4,-0.6
2026-09-30,2,866a041da2076957,6760,Isaac Bonga,F,PAO,11.0,1.1,-0.5
2026-09-30,2,866a041da2076957,15138,Tyrese Martin,F,BAR,8.3,1.1,-0.7
2026-09-30,2,866a041da2076957,14741,Alvaro Cardenas,G,VBC,4.4,1.1,-0.2
2026-09-30,2,866a041da2076957,9783,Bonzie Colson,F,MTA,10.8,1.0,-0.5
2026-09-30,2,866a041da2076957,14015,Armando Bacot,C,MTA,6.9,1.0,-0.3
2026-09-30,2,866a041da2076957,7029,Deividas Sirvydis,G,ZAL,4.9,1.0,-0.3
2026-09-30,2,866a041da2076957,13381,William Rayman,F,MTA,4.2,1.0,-0.1
2026-09-30,2,866a041da2076957,8384,Gabriele Procida,F,RMB,4.0,1.0,-0.1
2026-09-30,2,866a041da2076957,14802,Rasheed Bello,G,VIR,10.4,0.5,-0.9
2026-09-30,2,866a041da2076957,9005,Gabriel Deck,F,RMB,8.5,0.5,-0.7
2026-09-30,2,866a041da2076957,7032,Maodo Lo,G,ZAL,7.1,0.2,-0.6
2026-09-30,2,866a041da2076957,12774,Kendrick Nunn,G,PAO,14.5,0.0,-0.1
2026-09-30,2,866a041da2076957,7200,Shane Larkin,G,FBT,13.4,0.0,-0.2
2026-09-30,2,866a041da2076957,8962,Nigel Hayes-davis,F,PAO,13.3,0.0,-0.1
2026-09-30,2,866a041da2076957,6540,Dzanan Musa,G,DUB,13.2,0.0,-0.2
2026-09-30,2,866a041da2076957,11199,Josh Nebo,C,BAR,12.4,0.0,-0.2
2026-09-30,2,866a041da2076957,15153,Amir Coffey,F,HTA,12.4,0.0,-0.2
2026-09-30,2,866a041da2076957,1926,Kostas Sloukas,G,PAO,10.6,0.0,-0.1
2026-09-30,2,866a041da2076957,14728,Patrick Baldwin Jr,C,CZV,10.5,0.0,-0.2
2026-09-30,2,866a041da2076957,14012,TJ Leaf,F,MTA,10.4,0.0,-0.1
2026-09-30,2,866a041da2076957,15141,Tosan Evbuomwan,F,BAR,9.3,0.0,-0.2
2026-09-30,2,866a041da2076957,7483,Mathis Dossou-yovo,F,ASV,9.3,0.0,-0.1
2026-09-30,2,866a041da2076957,15162,Tyty Washington,G,ASV,9.2,0.0,-0.1
2026-09-30,2,866a041da2076957,14801,Maozinha Pereira,F,PBB,9.2,0.0,-0.2
2026-09-30,2,866a041da2076957,4194,Joffrey Lauvergne,C,PAR,9.0,0.0,-0.2
2026-09-30,2,866a041da2076957,9549,Isaia Cordinier,G,EFS,9.0,0.0,-0.2
2026-09-30,2,866a041da2076957,14740,Gonzalo Corbalan,G,VBC,8.9,0.0,-0.5
2026-09-30,2,866a041da2076957,11837,Kevin Kokila,C,VIR,8.8,0.0,-0.2
2026-09-30,2,866a041da2076957,14739,Mo Gueye,F,VBC,8.6,0.0,-0.2
2026-09-30,2,866a041da2076957,13389,Saben Lee,G,ZAL,8.5,0.0,-0.2
2026-09-30,2,866a041da2076957,5763,Furkan Korkmaz,F,BJK,8.2,0.0,-0.1
2026-09-30,2,866a041da2076957,8811,Moustapha Fall,C,PAO,8.1,0.0,-0.1
2026-09-30,2,866a041da2076957,15102,Max Shulga,G,RMB,7.9,0.0,-0.2
2026-09-30,2,866a041da2076957,12096,Bruno Caboclo,C,HTA,7.6,0.0,-0.2
2026-09-30,2,866a041da2076957,Tamir Blatt|HTA,Tamir Blatt,G,HTA,7.6,0.0,-0.2
2026-09-30,2,866a041da2076957,11980,Nathan Sestina,F,ASV,7.6,0.0,-0.3
2026-09-30,2,866a041da2076957,5844,Georgios Papagiannis,C,EFS,7.4,0.0,-0.2
2026-09-30,2,866a041da2076957,12597,Kamar Baldwin,G,BAY,7.0,0.0,-0.2
2026-09-30,2,866a041da2076957,11935,Yoan Makoundou,C,BAR,6.9,0.0,-0.2
2026-09-30,2,866a041da2076957,Mam Jaiteh|DUB,Mam Jaiteh,C,DUB,6.7,0.0,-0.2
2026-09-30,2,866a041da2076957,HC-MIL,Giuseppe Poeta,HC,MIL,6.6,0.0,-0.3
2026-09-30,2,866a041da2076957,13845,Kaodirichi Akobundu-Ehiogu,C,ZAL,6.6,0.0,-0.2
2026-09-30,2,866a041da2076957,12795,Justin Anderson,F,DUB,6.4,0.0,-0.2
2026-09-30,2,866a041da2076957,5596,Yankuba Sima,C,VBC,6.4,0.0,-0.2
2026-09-30,2,866a041da2076957,15126,Antonis Karagiannidis,C,OLY,6.4,0.0,-0.2
2026-09-30,2,866a041da2076957,7993,Amath M'baye,F,PBB,6.3,0.0,-0.2
2026-09-30,2,866a041da2076957,7630,Usman Garuba,C,RMB,6.0,0.0,-0.2
2026-09-30,2,866a041da2076957,11949,Daulton Hommes,F,PBB,6.0,0.0,-0.5
2026-09-30,2,866a041da2076957,10062,Agustin Ubal,G,BAR,6.0,0.0,-0.2
2026-09-30,2,866a041da2076957,8325,Kenan Kamenjas,C,DUB,5.8,0.0,-0.2
2026-09-30,2,866a041da2076957,Shane Hunter|MTA,Shane Hunter,C,MTA,5.8,0.0,-0.1
2026-09-30,2,866a041da2076957,Max Heidegger|HTA,Max Heidegger,G,HTA,5.7,0.0,-0.2
2026-09-30,2,866a041da2076957,Tyler Ennis|HTA,Tyler Ennis,G,HTA,5.6,0.0,-0.2
2026-09-30,2,866a041da2076957,Nobel Boungou-colo|PBB,Nobel Boungou-colo,F,PBB,5.6,0.0,-0.2
2026-09-30,2,866a041da2076957,3048,Bryant Dunston,C,OLY,5.5,0.0,-0.1
2026-09-30,2,866a041da2076957,3091,Metecan Birsen,F,BJK,5.4,0.0,-0.1
2026-09-30,2,866a041da2076957,9400,Davide Casarin,G,VIR,5.4,0.0,-0.2
2026-09-30,2,866a041da2076957,Brice Dessert|EFS,Brice Dessert,C,EFS,5.4,0.0,-0.2
2026-09-30,2,866a041da2076957,5793,Bandja Sy,F,PAR,4.9,0.0,-0.2
2026-09-30,2,866a041da2076957,4761,Vanja Marinkovic,G,PAR,4.9,0.0,-0.2
2026-09-30,2,866a041da2076957,6904,Joel Ayayi,G,PBB,4.9,0.0,-0.2
2026-09-30,2,866a041da2076957,7929,Onuralp Bitim,F,FBT,4.9,0.0,-0.2
2026-09-30,2,866a041da2076957,Frederic Bourdillon|HTA,Frederic Bourdillon,G,HTA,4.9,0.0,-0.2
2026-09-30,2,866a041da2076957,4007,Ognjen Dobric,F,CZV,4.7,0.0,-0.5
2026-09-30,2,866a041da2076957,10262,Nikola Djurisic,G,CZV,4.7,0.0,-0.2
2026-09-30,2,866a041da2076957,10106,Juan Nunez,G,BAR,4.5,0.0,-0.2
2026-09-30,2,866a041da2076957,229,Edwin Jackson,F,ASV,4.5,0.0,-0.1
2026-09-30,2,866a041da2076957,11085,Nikos Rogkavopoulos,F,PAO,4.4,0.0,-0.1
2026-09-30,2,866a041da2076957,Sergio Llull|RMB,Sergio Llull,G,RMB,4.4,0.0,-0.2
2026-09-30,2,866a041da2076957,10550,Tomer Ginat,F,HTA,4.4,0.0,-0.2
2026-09-30,2,866a041da2076957,2661,Klemen Prepelic,G,DUB,4.4,0.0,-0.2
2026-09-30,2,866a041da2076957,14120,Gur Lavi,F,MTA,4.4,0.0,-0.1
2026-09-30,2,866a041da2076957,George Papas|OLY,George Papas,G,OLY,4.4,0.0,-0.1
2026-09-30,2,866a041da2076957,6020,Amit Ebo,G,MTA,4.4,0.0,-0.1
2026-09-30,2,866a041da2076957,7960,Dejan Davidovac,F,CZV,4.3,0.0,-0.2
2026-09-30,2,866a041da2076957,1557,Niels Giffey,F,BAY,4.3,0.0,-0.2
2026-09-30,2,866a041da2076957,6372,Erkan Yilmaz,F,EFS,4.3,0.0,-0.2
2026-09-30,2,866a041da2076957,10091,Nikolaos Plotas,G,OLY,4.3,0.0,-0.2
2026-09-30,2,866a041da2076957,6509,Stefano Tonut,G,MIL,4.1,0.0,-0.2
2026-09-30,2,866a041da2076957,14031,Kosta Kondic,G,DUB,4.1,0.0,-0.2
2026-09-30,2,866a041da2076957,10754,Lucas Mari,G,VBC,4.1,0.0,-0.2
2026-09-30,2,866a041da2076957,2969,Melih Mahmutoglu,G,FBT,4.0,0.0,0.0
2026-09-30,2,866a041da2076957,13385,Ousmane Diop,C,MIL,4.0,0.0,0.0
2026-09-30,2,866a041da2076957,11816,Nicola Akele,F,MIL,4.0,0.0,0.0
2026-09-30,2,866a041da2076957,Burakcan Yildizli|EFS,Burakcan Yildizli,F,EFS,4.0,0.0,0.0
2026-09-30,2,866a041da2076957,Guy Palatin|HTA,Guy Palatin,G,HTA,4.0,0.0,0.0
2026-09-30,2,866a041da2076957,Oz Blayzer|HTA,Oz Blayzer,F,HTA,4.0,0.0,0.0
2026-09-30,2,866a041da2076957,4846,Bar Timor,G,HTA,4.0,0.0,0.0
2026-09-30,2,866a041da2076957,8176,David Mutaf,G,EFS,4.0,0.0,0.0
2026-09-30,2,866a041da2076957,5942,Nemanja Dangubic,F,DUB,4.0,0.0,0.0
2026-09-30,2,866a041da2076957,4451,Ioannis Kouzeloglou,F,PAO,4.0,0.0,0.0
2026-09-30,2,866a041da2076957,Itay Segev|HTA,Itay Segev,C,HTA,4.0,0.0,0.0
2026-09-30,2,866a041da2076957,14122,Omiros Netzipoglou,G,OLY,4.0,0.0,0.0
2026-09-30,2,866a041da2076957,14103,Pedro Souza,F,KBA,4.0,0.0,0.0
2026-09-30,2,866a041da2076957,Aleksej Nedeljkovic|CZV,Aleksej Nedeljkovic,F,CZV,4.0,0.0,0.0
2026-09-30,2,866a041da2076957,12453,Uros Danilovic,F,PAR,4.0,0.0,0.0
2026-09-30,2,866a041da2076957,13422,Ruzgar Fenemen,G,EFS,4.0,0.0,0.0
2026-09-30,2,866a041da2076957,13541,Caspar Vossenberg,G,BAY,4.0,0.0,0.0
2026-09-30,2,866a041da2076957,13028,Matteo Baiocchi,G,VIR,4.0,0.0,0.0
2026-09-30,2,866a041da2076957,13579,Kilian Fischer,F,BAY,4.0,0.0,0.0
2026-09-30,2,866a041da2076957,12806,Andrej Bjelic,G,CZV,4.0,0.0,0.0
2026-09-30,2,866a041da2076957,Vojin Medarevic|CZV,Vojin Medarevic,C,CZV,4.0,0.0,0.0
2026-09-30,2,866a041da2076957,Uros Mijailovic|PAR,Uros Mijailovic,F,PAR,4.0,0.0,0.0
2026-09-30,2,866a041da2076957,13431,Darius Karutasu,F,EFS,4.0,0.0,0.0
2026-09-30,2,866a041da2076957,12233,Yagiz Aksu,G,BJK,4.0,0.0,0.0
2026-09-30,2,866a041da2076957,12838,Andrija Susic,G,BAY,4.0,0.0,0.0
2026-09-30,2,866a041da2076957,12158,Niko Jerkic,G,BAY,4.0,0.0,0.0
2026-09-30,2,866a041da2076957,14506,Thierry Henry Alves de Souza,C,KBA,4.0,0.0,0.0
2026-09-30,2,866a041da2076957,13141,Georgios Bourneles,G,OLY,4.0,0.0,0.0
2026-09-30,2,866a041da2076957,15159,Iason Varvaritis,G,PAO,4.0,0.0,0.0
2026-09-30,2,866a041da2076957,12879,Abdu Kone,C,BAR,4.0,0.0,0.0
2026-09-30,2,866a041da2076957,9513,Justus Hollatz,G,BAY,4.8,-0.5,-0.5
2026-09-30,2,866a041da2076957,14742,Ethan Thompson,G,PAR,9.6,-0.9,-1.0
2026-09-30,2,866a041da2076957,8912,Khadeen Carrington,G,HTA,7.4,-0.9,-0.5
2026-09-30,2,866a041da2076957,12618,Bodian Massa,F,ASV,6.0,-0.9,-0.3
2026-09-30,2,866a041da2076957,6591,Frank Ntilikina,G,PBB,7.7,-1.0,-0.5
2026-09-30,2,866a041da2076957,1844,Daniel Hackett,G,VIR,4.6,-1.0,-0.5
2026-09-30,2,866a041da2076957,7513,Dovydas Giedraitis,G,ZAL,4.3,-1.0,-0.5
2026-09-30,2,866a041da2076957,5670,Diego Flaccadori,G,MIL,4.0,-1.0,0.0
2026-09-30,2,866a041da2076957,14094,Stefan Miljenovic,G,CZV,4.0,-1.0,0.0
2026-09-30,2,866a041da2076957,14220,Chris Silva,C,FBT,7.6,-1.4,-0.7
2026-09-30,2,866a041da2076957,13269,Myles Cale,G,ASV,6.7,-1.8,-0.4
2026-09-30,2,866a041da2076957,14316,Cory Joseph,G,OLY,6.6,-1.8,-0.5
2026-09-30,2,866a041da2076957,7632,Mario Nakic,F,PAR,5.4,-1.8,-0.4
2026-09-30,2,866a041da2076957,12080,Timothé Luwawu-Cabarrot,F,RMB,12.4,-2.5,-1.3
2026-09-30,2,866a041da2076957,15165,Tremont Waters,G,ASV,9.4,-2.7,-0.5
2026-09-30,2,866a041da2076957,15085,Keaton Wallace,G,MTA,10.2,-3.0,-0.6
2026-09-30,2,866a041da2076957,10781,Iffe Lundberg,G,MTA,7.8,-3.0,-0.5
2026-09-30,2,866a041da2076957,14785,DaQuan Jeffries,F,BJK,7.7,-3.0,-0.5
2026-09-30,2,866a041da2076957,7990,John Dibartolomeo,G,MTA,4.2,-3.0,-0.3
2026-09-30,2,866a041da2076957,HC-RMB,Pedro Martinez,HC,RMB,8.7,-5.0,-0.6
2026-09-30,2,866a041da2076957,HC-CZV,Ibon Navarro,HC,CZV,6.7,-5.0,-0.6
2026-09-30,2,866a041da2076957,HC-MTA,Oded Kattash,HC,MTA,6.2,-5.0,-0.3
2026-09-30,2,866a041da2076957,HC-BJK,Dusan Alimpijevic,HC,BJK,5.7,-5.0,-0.3
2026-09-30,2,866a041da2076957,HC-BAY,Anton Gavel,HC,BAY,5.1,-5.0,-0.5
2026-09-30,2,866a041da2076957,HC-VIR,Alex Mumbru,HC,VIR,4.8,-5.0,-0.4
2026-09-30,2,866a041da2076957,11157,Johnathan Motley,C,CZV,10.0,-6.0,-1.4
2026-09-30,2,866a041da2076957,HC-PBB,Maxime Lefevre,HC,PBB,4.6,-10.0,-0.8
2026-09-30,2,866a041da2076957,HC-KBA,Paolo Galbiati,HC,KBA,4.6,-15.0,-1.0
