raw_id,first,last,pos,team,price,fpt_avg,plus,active,key,name,season_price_change,Player_ID,match_score,api_team,games,proj_window,proj_game,p_win_avg,opps,last_fp,wl4,season_avg,min4,dnp_streak,l4_avg,flag,news_source,value
15163,Patty,Mills,G,ASV,12.6,19.8,0.3,1,15163,Patty Mills,0.0,P015163,100.0,ASV,2.0,32.030156580932584,16.015078290466292,0.4167329618707032,"vs PAM, @ PRS",19.8,19.8,19.8,23.816666666666666,0.0,19.8,,,2.5420759191216336
12640,Nadir,Hifi,G,PBB,14.4,10.5,-0.5,1,12640,Nadir Hifi,0.0,P012640,100.0,PRS,2.0,30.989020536690404,15.494510268345202,0.5056967659890587,"vs ZAL, vs ASV",14.0,11.0,10.5,24.383333333333333,0.0,11.0,,,2.1520153150479446
15166,Jae,Crowder,F,ASV,10.2,27.5,0.7,1,15166,Jae Crowder,0.0,P015166,100.0,ASV,2.0,29.184954520953525,14.592477260476763,0.4167329618707032,"vs PAM, @ PRS",27.500000000000004,27.500000000000004,27.500000000000004,24.866666666666667,0.0,27.500000000000004,,,2.861270051073875
3469,Sasha,Vezenkov,F,OLY,17.6,30.8,1.0,1,3469,Sasha Vezenkov,0.0,P003469,100.0,OLY,1.0,26.878494808364447,26.878494808364447,0.6378550887935037,@ VIR,28.6,30.485714285714288,30.8,21.825,0.0,30.485714285714288,,,1.5271872050207072
13369,Carlik,Jones,G,PAR,14.5,32.5,1.4,1,13369,Carlik Jones,0.0,P013369,100.0,PAR,1.0,23.071039688912425,23.071039688912425,0.5136203818782274,@ MUN,28.6,31.900000000000002,32.45,25.066666666666666,0.0,31.900000000000002,,,1.5911061854422361
15168,Tj,Warren,F,PBB,11.2,10.0,-0.2,1,15168,Tj Warren,0.0,P015168,100.0,PRS,2.0,22.546604693787458,11.273302346893729,0.5056967659890587,"vs ZAL, vs ASV",15.0,10.714285714285714,10.0,19.65,0.0,10.714285714285714,,,2.013089704802452
898,Jonas,Valanciunas,C,ZAL,15.9,23.7,0.5,1,898,Jonas Valanciunas,0.0,P000898,100.0,ZAL,1.0,22.342428114312618,22.342428114312618,0.5580235718679235,@ PRS,21.0,23.314285714285713,23.700000000000003,22.708333333333336,0.0,23.314285714285713,,,1.405184158132869
7975,Sylvain,Francisco,G,PAO,14.9,19.8,0.1,1,7975,Sylvain Francisco,0.0,P007975,100.0,PAN,1.0,21.599537116301022,21.599537116301022,0.710569373988208,vs TEL,19.8,19.8,19.8,21.883333333333333,0.0,19.8,,,1.4496333635101357
10042,Jean,Montero,G,OLY,13.1,22.0,0.7,1,10042,Jean Montero,0.0,P010042,100.0,OLY,1.0,20.818867262004506,20.818867262004506,0.6378550887935037,@ VIR,23.1,22.157142857142862,22.0,23.541666666666664,0.0,22.157142857142862,,,1.5892265085499624
15143,Tyson,Etienne,G,PBB,11.0,7.5,-0.3,1,15143,Tyson Etienne,0.0,P015143,100.0,PRS,2.0,20.80398720675145,10.401993603375725,0.5056967659890587,"vs ZAL, vs ASV",6.0,7.285714285714286,7.5,18.266666666666666,0.0,7.285714285714286,,,1.8912715642501319
9846,Elijah,Bryant,G,HTA,15.3,23.6,0.5,1,9846,Elijah Bryant,0.0,P009846,100.0,HTA,1.0,20.263236132009173,20.263236132009173,0.56868660084237,vs MAD,34.1,25.057142857142857,23.55,32.9,0.0,25.057142857142857,,,1.324394518431972
5985,Mike,James,G,EFS,16.3,19.2,0.2,1,5985,Mike James,0.0,P005985,100.0,IST,1.0,18.91207155741529,18.91207155741529,0.37943793802310355,@ RED,14.3,18.02857142857143,18.65,31.583333333333332,0.0,18.02857142857143,,,1.160249788798484
9862,Kevin,Punter,G,BAR,14.0,26.1,0.9,1,9862,Kevin Punter,0.0,P009862,100.0,BAR,1.0,18.12330423769384,18.12330423769384,0.43254797952807866,@ BES,28.0,26.371428571428574,26.1,25.416666666666664,0.0,26.371428571428574,,,1.2945217312638457
3941,Nikola,Milutinov,C,OLY,14.8,3.3,-0.6,1,3941,Nikola Milutinov,0.0,P003941,100.0,OLY,1.0,18.066250935901923,18.066250935901923,0.6378550887935037,@ VIR,3.3000000000000003,3.3000000000000003,3.3000000000000003,9.1,0.0,3.3000000000000003,,,1.2206926308041839
8192,Azuolas,Tubelis,F,ZAL,11.6,23.7,0.9,1,8192,Azuolas Tubelis,0.0,P008192,100.0,ZAL,1.0,18.032234060738865,18.032234060738865,0.5580235718679235,@ PRS,22.0,23.414285714285715,23.65,27.174999999999997,0.0,23.414285714285715,,,1.554502936270592
12774,Kendrick,Nunn,G,PAO,14.5,0.0,-0.1,1,12774,Kendrick Nunn,0.0,P012774,100.0,PAN,1.0,17.795329917038313,17.795329917038313,0.710569373988208,vs TEL,,,,,,,,,1.2272641322095388
12878,Moses,Wright,C,MIL,13.7,13.3,-0.2,1,12878,Moses Wright,0.0,P012878,100.0,MIL,1.0,17.785129699105976,17.785129699105976,0.5211120801657593,@ BAS,17.6,13.485714285714286,12.8,26.816666666666666,0.0,13.485714285714286,,,1.2981846495697793
10357,Guerschon,Yabusele,F,PAO,14.2,14.3,-0.1,1,10357,Guerschon Yabusele,0.0,P010357,100.0,PAN,1.0,17.544553558209827,17.544553558209827,0.710569373988208,vs TEL,14.3,14.3,14.3,19.633333333333333,0.0,14.3,,,1.235531940719002
9863,Wade,Baldwin,G,FBT,14.2,19.3,0.2,1,9863,Wade Baldwin,0.0,P009863,100.0,ULK,1.0,17.50654814330414,17.50654814330414,0.6554273760811533,vs DUB,24.200000000000003,19.95714285714286,19.25,20.25,0.0,19.95714285714286,,,1.2328555030495874
3842,Mathias,Lessort,C,PAO,15.0,30.8,0.6,1,3842,Mathias Lessort,0.0,P003842,100.0,PAN,1.0,17.35926772744092,17.35926772744092,0.710569373988208,vs TEL,29.700000000000003,29.700000000000003,29.700000000000003,21.883333333333333,0.0,29.700000000000003,,,1.157284515162728
15164,Hugo,Besson,G,ASV,8.7,7.7,-0.1,1,15164,Hugo Besson,0.0,P015164,100.0,ASV,2.0,17.324657223025934,8.662328611512967,0.4167329618707032,"vs PAM, @ PRS",7.700000000000001,7.700000000000001,7.700000000000001,17.016666666666666,0.0,7.700000000000001,,,1.9913399106926362
14178,Jared,Rhoden,G,PBB,8.8,10.5,0.1,1,14178,Jared Rhoden,0.0,P014178,100.0,PRS,2.0,17.314860132946702,8.657430066473351,0.5056967659890587,"vs ZAL, vs ASV",16.0,11.285714285714286,10.5,17.90833333333333,0.0,11.285714285714286,,,1.9675977423803068
3112,Dario,Saric,F,EFS,14.9,18.5,0.2,1,3112,Dario Saric,0.0,P003112,100.0,IST,1.0,17.151947346882388,17.151947346882388,0.37943793802310355,@ RED,11.0,17.428571428571427,18.5,25.691666666666666,0.0,17.428571428571427,,,1.1511374058310326
14124,Talen,Horton-Tucker,G,FBT,12.8,22.0,0.6,1,14124,Talen Horton-Tucker,0.0,P014124,100.0,ULK,1.0,17.088535488001817,17.088535488001817,0.6554273760811533,vs DUB,27.500000000000004,22.785714285714285,22.0,21.191666666666666,0.0,22.785714285714285,,,1.3350418350001418
15160,Alize,Johnson,F,PBB,9.5,3.0,-0.4,1,15160,Alize Johnson,0.0,P015160,100.0,PRS,2.0,16.974079044599513,8.487039522299757,0.5056967659890587,"vs ZAL, vs ASV",3.0,3.0,3.0,14.866666666666667,0.0,3.0,,,1.7867451625894224
12788,Dan,Oturu,C,HTA,14.9,21.0,0.4,1,12788,Dan Oturu,0.0,P012788,100.0,HTA,1.0,16.650263285660603,16.650263285660603,0.56868660084237,vs MAD,9.9,19.37142857142857,20.95,24.141666666666666,0.0,19.37142857142857,,,1.117467334608094
6832,Yves,Pons,F,ASV,7.7,12.1,0.2,1,6832,Yves Pons,0.0,P006832,100.0,ASV,2.0,16.627300119396782,8.313650059698391,0.4167329618707032,"vs PAM, @ PRS",12.100000000000001,12.100000000000001,12.100000000000001,11.8,0.0,12.100000000000001,,,2.159389625895686
12201,Chima,Moneke,F,CZV,15.2,11.0,-0.5,1,12201,Chima Moneke,0.0,P012201,100.0,RED,1.0,16.61555471594627,16.61555471594627,0.6205620619768965,vs IST,12.0,11.142857142857142,11.0,22.033333333333335,0.0,11.142857142857142,,,1.0931285997333073
12796,Mfiondu,Kabengele,C,DUB,14.5,19.8,0.3,1,12796,Mfiondu Kabengele,0.0,P012796,100.0,DUB,1.0,16.522717873528965,16.522717873528965,0.3445726239188467,@ ULK,26.400000000000002,20.742857142857144,19.8,24.483333333333334,0.0,20.742857142857144,,,1.1394977843813079
11286,Dwayne,Bacon,F,DUB,13.5,27.5,1.0,1,11286,Dwayne Bacon,0.0,P011286,100.0,DUB,1.0,16.315365209988833,16.315365209988833,0.3445726239188467,@ ULK,20.900000000000002,26.55714285714286,27.5,27.65,0.0,26.55714285714286,,,1.208545571110284
6835,Jaylen,Hoard,F,MTA,15.0,20.0,0.2,1,6835,Jaylen Hoard,0.0,P006835,100.0,TEL,1.0,16.203554871310597,16.203554871310597,0.28943062601179204,@ PAN,20.0,20.0,20.0,28.55,0.0,20.0,,,1.0802369914207064
796,Nikola,Mirotic,F,VBC,11.8,18.7,0.4,1,796,Nikola Mirotic,0.0,P000796,100.0,PAM,1.0,15.70381965469029,15.70381965469029,0.5971169724125529,@ ASV,18.700000000000003,18.700000000000006,18.700000000000003,14.95,0.0,18.700000000000006,,,1.3308321741262958
9849,Tyler,Dorsey,G,OLY,13.3,20.4,0.5,1,9849,Tyler Dorsey,0.0,P009849,100.0,OLY,1.0,15.698168758906812,15.698168758906812,0.6378550887935037,@ VIR,8.8,18.7,20.35,21.316666666666666,0.0,18.7,,,1.1803134405193092
9035,Joel,Bolomboy,C,ASV,10.2,5.5,-0.2,1,9035,Joel Bolomboy,0.0,P009035,100.0,ASV,2.0,15.426708085452361,7.713354042726181,0.4167329618707032,"vs PAM, @ PRS",5.5,5.5,5.5,25.683333333333334,0.0,5.5,,,1.512422361318859
7200,Shane,Larkin,G,FBT,13.4,0.0,-0.2,1,7200,Shane Larkin,0.0,P007200,100.0,ULK,1.0,15.412074359627496,15.412074359627496,0.6554273760811533,vs DUB,,,,,,,,,1.150154802957276
11217,Kameron,Taylor,F,VBC,12.6,16.5,0.2,1,11217,Kameron Taylor,0.0,P011217,100.0,PAM,1.0,15.346218677011446,15.346218677011446,0.5971169724125529,@ ASV,14.3,16.185714285714287,16.5,20.85,0.0,16.185714285714287,,,1.2179538632548768
7553,Aleksander,Balcerowski,C,BAR,8.3,15.2,0.5,1,7553,Aleksander Balcerowski,0.0,,76.48148148148148,BAR,1.0,15.2,,,,,,,,,,unmatched,,1.831325301204819
6540,Dzanan,Musa,G,DUB,13.2,0.0,-0.2,1,6540,Dzanan Musa,0.0,P006540,100.0,DUB,1.0,15.053737126682663,15.053737126682663,0.3445726239188467,@ ULK,,,,,,,,,1.1404346308092927
13363,Jordan,Nwora,F,CZV,12.8,11.0,-0.2,1,13363,Jordan Nwora,0.0,P013363,100.0,RED,1.0,14.7554871740471,14.7554871740471,0.6205620619768965,vs IST,14.0,11.0,10.5,22.84166666666667,0.0,11.0,,,1.1527724354724296
15165,Tremont,Waters,G,ASV,9.4,-2.7,-0.5,1,15165,Tremont Waters,0.0,P015165,100.0,ASV,2.0,14.568528702821183,7.284264351410592,0.4167329618707032,"vs PAM, @ PRS",-3.3000000000000003,-3.3000000000000003,-3.3000000000000003,15.616666666666667,0.0,-3.3000000000000003,,,1.54984347902353
8987,Zach,Leday,F,HTA,13.2,13.7,-0.1,1,8987,Zach Leday,0.0,P008987,100.0,HTA,1.0,14.535801238848052,14.535801238848052,0.56868660084237,vs MAD,14.3,13.742857142857144,13.65,17.166666666666664,0.0,13.742857142857144,,,1.1011970635490949
8962,Nigel,Hayes-davis,F,PAO,13.3,0.0,-0.1,1,8962,Nigel Hayes-davis,0.0,P008962,100.0,PAN,1.0,14.46194028794694,14.46194028794694,0.710569373988208,vs TEL,,,,,,,,,1.0873639314245818
11199,Josh,Nebo,C,BAR,12.4,0.0,-0.2,1,11199,Josh Nebo,0.0,P011199,100.0,BAR,1.0,14.43262329122698,14.43262329122698,0.43254797952807866,@ BES,,,,,,,,,1.163921233163466
13900,Both,Gach,F,ASV,8.4,2.2,-0.3,1,13900,Both Gach,0.0,P013900,100.0,ASV,2.0,14.321765834295523,7.160882917147761,0.4167329618707032,"vs PAM, @ PRS",2.2,2.2,2.2,17.1,0.0,2.2,,,1.7049721231304193
11219,Roman,Sorkin,C,MTA,13.5,16.0,0.1,1,11219,Roman Sorkin,0.0,P011219,100.0,TEL,1.0,14.22895923525403,14.22895923525403,0.28943062601179204,@ PAN,16.0,16.0,16.0,24.166666666666668,0.0,16.0,,,1.0539969803891873
1926,Kostas,Sloukas,G,PAO,10.6,0.0,-0.1,1,1926,Kostas Sloukas,0.0,P001926,100.0,PAN,1.0,14.12423254740565,14.12423254740565,0.710569373988208,vs TEL,,,,,,,,,1.3324747686231746
12712,Juancho,Hernangomez,F,PAO,11.5,14.3,0.1,1,12712,Juancho Hernangomez,0.0,P012712,100.0,PAN,1.0,14.077860168450119,14.077860168450119,0.710569373988208,vs TEL,14.3,14.3,14.3,20.366666666666667,0.0,14.3,,,1.2241617537782712
4004,Marko,Guduric,G,MIL,9.8,14.7,0.3,1,4004,Marko Guduric,0.0,P004004,100.0,MIL,1.0,13.97934606767272,13.97934606767272,0.5211120801657593,@ BAS,14.3,14.6,14.65,27.95,0.0,14.6,,,1.4264638844564
14010,Allan,Dokossi,C,PBB,8.1,5.5,-0.3,1,14010,Allan Dokossi,0.0,P014010,100.0,PRS,2.0,13.910299042945095,6.955149521472547,0.5056967659890587,"vs ZAL, vs ASV",-1.0,4.571428571428571,5.5,20.416666666666664,0.0,4.571428571428571,,,1.7173208694993944
12606,Mckinley,Wright,G,DUB,13.3,13.8,-0.1,1,12606,Mckinley Wright,0.0,P012606,100.0,DUB,1.0,13.887844320784852,13.887844320784852,0.3445726239188467,@ ULK,17.6,14.3,13.75,25.8,0.0,14.3,,,1.044198821111643
4554,Ante,Zizic,C,BJK,12.0,14.0,0.0,1,4554,Ante Zizic,0.0,P004554,100.0,BES,1.0,13.814814369698821,13.814814369698821,0.5674520204719213,vs BAR,14.0,14.0,14.0,15.8,0.0,14.0,,,1.151234530808235
9733,Tonye,Jekiri,C,PAR,8.6,19.8,0.9,1,9733,Tonye Jekiri,0.0,P009733,100.0,PAR,1.0,13.696309354737194,13.696309354737194,0.5136203818782274,@ MUN,24.200000000000003,20.428571428571427,19.800000000000004,20.9,0.0,20.428571428571427,,,1.5925941110159527
5791,Walter,Tavares,C,RMB,14.3,9.5,-0.5,1,5791,Walter Tavares,0.0,P005791,100.0,MAD,1.0,13.477272924094148,13.477272924094148,0.43131339915762995,@ HTA,14.0,10.142857142857142,9.5,21.558333333333334,0.0,10.142857142857142,,,0.9424666380485418
5928,Facundo,Campazzo,G,RMB,13.4,11.5,-0.2,1,5928,Facundo Campazzo,0.0,P005928,100.0,MAD,1.0,13.395505836023316,13.395505836023316,0.43131339915762995,@ HTA,16.0,12.142857142857142,11.5,20.308333333333334,0.0,12.142857142857142,,,0.9996646146286057
7982,Nigel,Williams-Goss,G,ZAL,9.9,15.4,0.1,1,7982,Nigel Williams-Goss,0.0,P007982,100.0,ZAL,1.0,13.359906037001878,13.359906037001878,0.5580235718679235,@ PRS,15.400000000000002,15.400000000000002,15.400000000000002,25.333333333333332,0.0,15.400000000000002,,,1.3494854582830178
15161,Marc-owen,Fodzo Dada,G,ASV,5.3,18.7,0.5,1,15161,Marc-owen Fodzo Dada,0.0,P015161,100.0,ASV,2.0,13.331503824314225,6.665751912157113,0.4167329618707032,"vs PAM, @ PRS",18.700000000000003,18.700000000000003,18.700000000000003,21.533333333333335,0.0,18.700000000000003,,,2.5153780800592878
4888,Will,Clyburn,F,FBT,12.3,9.4,-0.3,1,4888,Will Clyburn,0.0,P004888,100.0,ULK,1.0,13.255948292726519,13.255948292726519,0.6554273760811533,vs DUB,7.700000000000001,9.114285714285716,9.350000000000001,18.625,0.0,9.114285714285716,,,1.0777193733923998
12608,TJ,Shorts,G,VBC,15.1,22.0,0.4,1,12608,TJ Shorts,0.0,P012608,100.0,PAM,1.0,13.222722960784957,13.222722960784957,0.5971169724125529,@ ASV,22.0,22.0,22.0,21.208333333333336,0.0,22.0,,,0.8756770172705269
13506,Marcus,Bingham,C,FBT,11.2,16.5,0.1,1,13506,Marcus Bingham,0.0,P013506,100.0,ULK,1.0,13.145118088938647,13.145118088938647,0.6554273760811533,vs DUB,16.5,16.5,16.5,15.7,0.0,16.5,,,1.1736712579409507
12720,Sterling,Brown,G,ZAL,10.6,13.6,0.1,1,12720,Sterling Brown,0.0,P012720,100.0,ZAL,1.0,13.142440720750084,13.142440720750084,0.5580235718679235,@ PRS,15.0,13.757142857142858,13.55,19.7,0.0,13.757142857142858,,,1.2398528981839703
6760,Isaac,Bonga,F,PAO,11.0,1.1,-0.5,1,6760,Isaac Bonga,0.0,P006760,100.0,PAN,1.0,13.00045317287074,13.00045317287074,0.710569373988208,vs TEL,1.1,1.1,1.1,16.933333333333334,0.0,1.1,,,1.1818593793518855
7993,Amath,M'baye,F,PBB,6.3,0.0,-0.2,1,7993,Amath M'baye,0.0,P007993,100.0,PRS,2.0,12.975992530601964,6.487996265300982,0.5056967659890587,"vs ZAL, vs ASV",,,,,,,,,2.059681354063804
3958,Johannes,Thiemann,C,BAY,11.0,16.0,0.3,1,3958,Johannes Thiemann,0.0,P003958,100.0,MUN,1.0,12.574617107618801,12.574617107618801,0.4863796181217726,vs PAR,10.0,15.142857142857142,16.0,17.96666666666667,0.0,15.142857142857142,,,1.1431470097835275
7230,Tadas,Sedekerskis,F,KBA,10.5,16.5,0.4,1,7230,Tadas Sedekerskis,0.0,P007230,100.0,BAS,1.0,12.567442663291247,12.567442663291247,0.4788879198342408,vs MIL,19.0,16.857142857142858,16.5,21.075,0.0,16.857142857142858,,,1.196899301265833
10568,Chris,Jones,G,CZV,12.6,15.5,0.2,1,10568,Chris Jones,0.0,P010568,100.0,RED,1.0,12.48927365458121,12.48927365458121,0.6205620619768965,vs IST,6.0,14.142857142857142,15.5,18.15,0.0,14.142857142857142,,,0.9912121948080326
14012,TJ,Leaf,F,MTA,10.4,0.0,-0.1,1,14012,TJ Leaf,0.0,P014012,100.0,TEL,1.0,12.365678474255427,12.365678474255427,0.28943062601179204,@ PAN,,,,,,,,,1.1890075456014833
7947,Luca,Vildoza,G,PAR,7.8,16.5,0.7,1,7947,Luca Vildoza,0.0,P007947,100.0,PAR,1.0,12.283631338218823,12.283631338218823,0.5136203818782274,@ MUN,23.1,17.442857142857143,16.5,18.833333333333332,0.0,17.442857142857143,,,1.5748245305408748
14163,Jared,Butler,G,CZV,10.1,14.0,0.2,1,14163,Jared Butler,0.0,P014163,100.0,RED,1.0,12.252632450258426,12.252632450258426,0.6205620619768965,vs IST,17.0,14.428571428571429,14.0,17.991666666666667,0.0,14.428571428571429,,,1.213131925768161
14008,Justin,Robinson,G,BAR,12.1,8.0,-0.4,1,14008,Justin Robinson,0.0,P014008,100.0,BAR,1.0,12.245723550247458,12.245723550247458,0.43254797952807866,@ BES,5.0,7.1000000000000005,7.45,18.5,0.0,7.1000000000000005,,,1.0120432686154925
9048,Codi,Miller-Mcintyre,G,OLY,10.6,3.9,-0.6,1,9048,Codi Miller-Mcintyre,0.0,P009048,100.0,OLY,1.0,12.240075993291546,12.240075993291546,0.6378550887935037,@ VIR,5.5,4.085714285714286,3.85,16.15833333333333,0.0,4.085714285714286,,,1.1547241503105232
14207,Eugene,Omoruyi,F,BJK,10.6,15.0,0.1,1,14207,Eugene Omoruyi,0.0,P014207,100.0,BES,1.0,12.18045436294922,12.18045436294922,0.5674520204719213,vs BAR,15.0,15.0,15.0,26.266666666666666,0.0,15.0,,,1.1490994682027567
7027,Theo,Maledon,G,RMB,10.0,14.0,0.2,1,7027,Theo Maledon,0.0,P007027,100.0,MAD,1.0,12.133345066429394,12.133345066429394,0.43131339915762995,@ HTA,12.0,13.714285714285714,14.0,21.375,0.0,13.714285714285714,,,1.2133345066429393
13855,Umoja,Gibson,G,BAR,10.4,14.3,0.2,1,13855,Umoja Gibson,0.0,P013855,100.0,BAR,1.0,12.05503332286327,12.05503332286327,0.43254797952807866,@ BES,12.0,13.928571428571429,14.25,21.5,0.0,13.928571428571429,,,1.1591378195060837
11987,Carsen,Edwards,G,ZAL,11.1,11.7,0.0,1,11987,Carsen Edwards,0.0,P011987,100.0,ZAL,1.0,12.039199859595607,12.039199859595607,0.5580235718679235,@ PRS,19.0,12.742857142857144,11.7,21.358333333333334,0.0,12.742857142857144,,,1.0846125999635683
13367,Trent,Forrest,G,FBT,10.4,8.3,-0.3,1,13367,Trent Forrest,0.0,P013367,100.0,ULK,1.0,11.955357934746212,11.955357934746212,0.6554273760811533,vs DUB,8.8,8.32857142857143,8.25,22.058333333333334,0.0,8.32857142857143,,,1.1495536475717512
13384,Armoni,Brooks,G,VBC,10.2,13.8,0.2,1,13384,Armoni Brooks,0.0,P013384,100.0,PAM,1.0,11.949679253329167,11.949679253329167,0.5971169724125529,@ ASV,19.8,14.614285714285716,13.75,20.808333333333334,0.0,14.614285714285716,,,1.171537181698938
11194,Filip,Petrusev,F,DUB,12.5,7.7,-0.5,1,11194,Filip Petrusev,0.0,P011194,100.0,DUB,1.0,11.904602654192958,11.904602654192958,0.3445726239188467,@ ULK,6.6000000000000005,7.542857142857144,7.700000000000001,12.758333333333333,0.0,7.542857142857144,,,0.9523682123354367
13370,Duane,Washington,G,BAY,10.0,16.0,0.1,1,13370,Duane Washington,0.0,P013370,100.0,MUN,1.0,11.867046137739854,11.867046137739854,0.4863796181217726,vs PAR,16.0,16.0,16.0,17.766666666666666,0.0,16.0,,,1.1867046137739854
12611,Sebastian,Herrera,G,PBB,5.1,7.5,0.2,1,12611,Sebastian Herrera,0.0,P012611,100.0,PRS,2.0,11.77862528508783,5.889312642543915,0.5056967659890587,"vs ZAL, vs ASV",8.0,7.571428571428571,7.5,19.525,0.0,7.571428571428571,,,2.309534369625065
4508,Andreas,Obst,G,BAY,10.6,13.0,0.1,1,4508,Andreas Obst,0.0,P004508,100.0,MUN,1.0,11.76103941220437,11.76103941220437,0.4863796181217726,vs PAR,5.0,11.814285714285715,12.950000000000001,24.71666666666667,0.0,11.814285714285715,,,1.1095320200192802
8099,Matthew,Strazel,G,EFS,10.3,11.6,0.0,1,8099,Matthew Strazel,0.0,P008099,100.0,IST,1.0,11.579616352199249,11.579616352199249,0.37943793802310355,@ RED,12.100000000000001,11.62857142857143,11.55,23.458333333333336,0.0,11.62857142857143,,,1.1242345973008978
11212,Elie,Okobo,G,DUB,12.2,13.2,0.0,1,11212,Elie Okobo,0.0,P011212,100.0,DUB,1.0,11.449549686192093,11.449549686192093,0.3445726239188467,@ ULK,14.3,13.357142857142858,13.200000000000001,28.875,0.0,13.357142857142858,,,0.9384876791960732
4132,Daniel,Theis,C,MTA,12.0,9.0,-0.2,1,4132,Daniel Theis,0.0,P004132,100.0,TEL,1.0,11.431441387833399,11.431441387833399,0.28943062601179204,@ PAN,9.0,9.0,9.0,16.816666666666666,0.0,9.0,,,0.9526201156527833
11205,Devon,Hall,G,MIL,8.5,13.5,0.4,1,11205,Devon Hall,0.0,P011205,100.0,MIL,1.0,11.237203359960874,11.237203359960874,0.5211120801657593,@ BAS,11.0,13.142857142857142,13.5,25.391666666666666,0.0,13.142857142857142,,,1.3220239247012793
3526,David,Lighty,F,ASV,5.1,12.1,0.3,1,3526,David Lighty,0.0,P003526,100.0,ASV,2.0,11.234426137034914,5.617213068517457,0.4167329618707032,"vs PAM, @ PRS",12.100000000000001,12.100000000000001,12.100000000000001,15.866666666666667,0.0,12.100000000000001,,,2.2028286543205717
14734,Aj,Lawson,G,KBA,9.1,15.0,0.4,1,14734,Aj Lawson,0.0,P014734,100.0,BAS,1.0,11.211891956471044,11.211891956471044,0.4788879198342408,vs MIL,13.0,14.714285714285714,15.0,24.15,0.0,14.714285714285714,,,1.2320760391726422
2849,Nicolo,Melli,F,FBT,8.2,12.1,0.3,1,2849,Nicolo Melli,0.0,P002849,100.0,ULK,1.0,11.00434303200335,11.00434303200335,0.6554273760811533,vs DUB,15.400000000000002,12.571428571428573,12.100000000000001,21.75,0.0,12.571428571428573,,,1.3419930526833355
7831,Shavon,Shields,F,FBT,12.5,9.4,-0.3,1,7831,Shavon Shields,0.0,P007831,100.0,ULK,1.0,10.925680864707253,10.925680864707253,0.6554273760811533,vs DUB,3.3000000000000003,8.485714285714286,9.350000000000001,22.266666666666666,0.0,8.485714285714286,,,0.8740544691765803
14786,Jaylen,Nowell,G,BJK,9.8,13.0,0.1,1,14786,Jaylen Nowell,0.0,P014786,100.0,BES,1.0,10.915366591273413,10.915366591273413,0.5674520204719213,vs BAR,13.0,13.0,13.0,28.233333333333334,0.0,13.0,,,1.1138129174768787
13285,Devon,Dotson,G,BJK,9.9,12.0,0.0,1,13285,Devon Dotson,0.0,P013285,100.0,BES,1.0,10.837025820964943,10.837025820964943,0.5674520204719213,vs BAR,12.0,12.0,12.0,22.116666666666667,0.0,12.0,,,1.0946490728247416
11981,Tyrique,Jones,C,OLY,12.1,8.8,-0.4,1,11981,Tyrique Jones,0.0,P011981,100.0,OLY,1.0,10.808207077550417,10.808207077550417,0.6378550887935037,@ VIR,1.1,7.7,8.8,14.025,0.0,7.7,,,0.8932402543430097
12403,Mouhamed,Faye,C,PBB,6.6,2.5,-0.4,1,12403,Mouhamed Faye,0.0,P012403,100.0,PRS,2.0,10.784714896800665,5.3923574484003325,0.5056967659890587,"vs ZAL, vs ASV",7.0,3.142857142857143,2.5,13.591666666666665,0.0,3.142857142857143,,,1.6340477116364645
15151,Jacob,Toppin,F,HTA,9.9,14.0,0.0,1,15151,Jacob Toppin,0.0,P015151,100.0,HTA,1.0,10.758338308125202,10.758338308125202,0.56868660084237,vs MAD,14.0,14.0,14.0,23.25,0.0,14.0,,,1.0867008392045658
1133,Tornike,Shengelia,F,DUB,13.3,3.3,-0.9,1,1133,Tornike Shengelia,0.0,P001133,100.0,DUB,1.0,10.621666979011056,10.621666979011056,0.3445726239188467,@ ULK,3.3000000000000003,2.8285714285714287,2.75,12.95,0.0,2.8285714285714287,,,0.7986215773692523
11196,Donta,Hall,C,OLY,11.0,9.4,-0.2,1,11196,Donta Hall,0.0,P011196,100.0,OLY,1.0,10.490666381195211,10.490666381195211,0.6378550887935037,@ VIR,5.5,8.8,9.350000000000001,19.766666666666666,0.0,8.8,,,0.9536969437450192
7527,Brancou,Badio,G,PAO,8.2,7.7,-0.1,1,7527,Brancou Badio,0.0,P007527,100.0,PAN,1.0,10.37270199963091,10.37270199963091,0.710569373988208,vs TEL,7.700000000000001,7.700000000000001,7.700000000000001,20.9,0.0,7.700000000000001,,,1.2649636584915747
11078,Darius,Thompson,G,MIL,8.4,8.1,-0.1,1,11078,Darius Thompson,0.0,P011078,100.0,MIL,1.0,10.36975295442923,10.36975295442923,0.5211120801657593,@ BAS,13.200000000000001,8.82857142857143,8.100000000000001,21.166666666666664,0.0,8.82857142857143,,,1.2344943993368132
14732,Marjon,Beauchamp,F,BAY,11.0,7.3,-0.4,1,14732,Marjon Beauchamp,0.0,P014732,100.0,MUN,1.0,10.323088670097079,10.323088670097079,0.4863796181217726,vs PAR,9.0,7.5,7.25,21.341666666666665,0.0,7.5,,,0.9384626063724617
8829,Alec,Peters,F,MIL,12.0,12.7,0.0,1,8829,Alec Peters,0.0,P008829,100.0,MIL,1.0,10.276036489053467,10.276036489053467,0.5211120801657593,@ BAS,4.4,11.514285714285714,12.7,26.641666666666666,0.0,11.514285714285714,,,0.856336374087789
12610,Tyson,Ward,F,OLY,7.7,13.8,0.4,1,12610,Tyson Ward,0.0,P012610,100.0,OLY,1.0,10.258095706745324,10.258095706745324,0.6378550887935037,@ VIR,14.3,13.357142857142858,13.200000000000001,24.65,0.0,13.357142857142858,,,1.332220221655237
14127,Oshae,Brissett,F,MTA,10.2,10.0,0.0,1,14127,Oshae Brissett,0.0,P014127,100.0,TEL,1.0,10.141057153638904,10.141057153638904,0.28943062601179204,@ PAN,10.0,10.0,10.0,26.066666666666666,0.0,10.0,,,0.9942212895724417
11924,Kyle,Allman,G,PAR,9.9,8.8,-0.2,1,11924,Kyle Allman,0.0,P011924,100.0,PAR,1.0,10.06749658198403,10.06749658198403,0.5136203818782274,@ MUN,11.0,9.114285714285714,8.8,20.691666666666666,0.0,9.114285714285714,,,1.0169188466650534
13380,Evan,Fournier,G,OLY,9.3,11.0,0.1,1,13380,Evan Fournier,0.0,P013380,100.0,OLY,1.0,10.053775563746244,10.053775563746244,0.6378550887935037,@ VIR,14.3,11.0,10.450000000000001,22.458333333333332,0.0,11.0,,,1.0810511358866928
14009,Lamar,Stevens,F,PAR,8.3,13.2,0.4,1,14009,Lamar Stevens,0.0,P014009,100.0,PAR,1.0,9.967268184378813,9.967268184378813,0.5136203818782274,@ MUN,11.0,12.885714285714286,13.200000000000001,21.075000000000003,0.0,12.885714285714286,,,1.2008756848649171
13373,Leopold,Cavaliere,F,PBB,4.8,5.5,0.0,1,13373,Leopold Cavaliere,0.0,P013373,100.0,PRS,2.0,9.94501994431863,4.972509972159315,0.5056967659890587,"vs ZAL, vs ASV",6.0,5.571428571428571,5.5,14.875,0.0,5.571428571428571,,,2.0718791550663815
7056,Devin,Booker,C,MIL,9.5,6.9,-0.3,1,7056,Devin Booker,0.0,P007056,100.0,MIL,1.0,9.794090627936427,9.794090627936427,0.5211120801657593,@ BAS,7.700000000000001,6.971428571428572,6.8500000000000005,12.116666666666667,0.0,6.971428571428572,,,1.0309569082038343
12738,Nathan,Reuvers,F,VBC,10.0,5.5,-0.4,1,12738,Nathan Reuvers,0.0,P012738,100.0,PAM,1.0,9.734575528874698,9.734575528874698,0.5971169724125529,@ ASV,7.700000000000001,5.814285714285715,5.500000000000001,16.016666666666666,0.0,5.814285714285715,,,0.9734575528874698
-,Zeljko,Obradovic,HC,PAO,10.3,20.0,0.3,1,HC-PAO,Zeljko Obradovic,0.0,,0.0,PAN,1.0,9.684202342652563,,,vs TEL,,,,,,,,,0.9402138196750061
11204,Jerian,Grant,G,PAO,8.8,9.9,0.0,1,11204,Jerian Grant,0.0,P011204,100.0,PAN,1.0,9.614316901049836,9.614316901049836,0.710569373988208,vs TEL,9.9,9.9,9.9,18.116666666666667,0.0,9.9,,,1.0925360114829359
13402,Antonio,Blakeney,G,HTA,9.5,7.9,-0.2,1,13402,Antonio Blakeney,0.0,P013402,100.0,HTA,1.0,9.602502122429902,9.602502122429902,0.56868660084237,vs MAD,8.8,8.028571428571428,7.9,26.391666666666666,0.0,8.028571428571428,,,1.0107896970978845
14029,Ebuka,Izundu,C,CZV,9.4,7.5,-0.2,1,14029,Ebuka Izundu,0.0,P014029,100.0,RED,1.0,9.599046783454058,9.599046783454058,0.6205620619768965,vs IST,6.0,7.285714285714286,7.5,16.133333333333333,0.0,7.285714285714286,,,1.0211751897291552
13278,Austin,Wiley,C,BAY,10.7,5.7,-0.5,1,13278,Austin Wiley,0.0,P013278,100.0,MUN,1.0,9.539238614801489,9.539238614801489,0.4863796181217726,vs PAR,7.0,5.885714285714286,5.7,13.725000000000001,0.0,5.885714285714286,,,0.8915176275515411
2580,Vasilije,Micic,G,HTA,11.7,5.8,-0.6,1,2580,Vasilije Micic,0.0,P002580,100.0,HTA,1.0,9.509620361796857,9.509620361796857,0.56868660084237,vs MAD,5.5,5.714285714285714,5.75,29.291666666666664,0.0,5.714285714285714,,,0.8127880651108426
12731,Mbaye,Ndiaye,F,OLY,7.3,7.2,0.0,1,12731,Mbaye Ndiaye,0.0,P012731,100.0,OLY,1.0,9.460756372287255,9.460756372287255,0.6378550887935037,@ VIR,12.100000000000001,7.8571428571428585,7.15,13.091666666666667,0.0,7.8571428571428585,,,1.295994023600994
10781,Iffe,Lundberg,G,MTA,7.8,-3.0,-0.5,1,10781,Iffe Lundberg,0.0,P010781,100.0,TEL,1.0,9.388204784634205,9.388204784634205,0.28943062601179204,@ PAN,-3.0,-3.0,-3.0,22.083333333333332,0.0,-3.0,,,1.2036159980300263
13250,David,Dejulius,G,BJK,9.7,6.0,-0.2,1,13250,David Dejulius,0.0,P013250,100.0,BES,1.0,9.385726587595187,9.385726587595187,0.5674520204719213,vs BAR,6.0,6.0,6.0,12.65,0.0,6.0,,,0.9676006791335244
14006,Chuma,Okeke,F,RMB,8.9,14.0,0.1,1,14006,Chuma Okeke,0.0,P014006,100.0,MAD,1.0,9.325841621752256,9.325841621752256,0.43131339915762995,@ HTA,14.0,14.0,14.0,20.083333333333332,0.0,14.0,,,1.0478473732305904
12080,Timothé,Luwawu-Cabarrot,F,RMB,12.4,-2.5,-1.3,1,12080,Timothé Luwawu-Cabarrot,0.0,P012080,100.0,MAD,1.0,9.289587748425744,9.289587748425744,0.43131339915762995,@ HTA,-10.0,-3.5714285714285716,-2.5,16.175,0.0,-3.5714285714285716,,,0.7491603022923986
9680,Conor,Morgan,F,BJK,8.6,12.0,0.1,1,9680,Conor Morgan,0.0,P009680,100.0,BES,1.0,9.242487077246674,9.242487077246674,0.5674520204719213,vs BAR,12.0,12.0,12.0,20.216666666666665,0.0,12.0,,,1.0747077996798458
14735,Chris,Duarte,G,KBA,10.0,7.0,-0.3,1,14735,Chris Duarte,0.0,P014735,100.0,BAS,1.0,9.155176918602384,9.155176918602384,0.4788879198342408,vs MIL,3.0,6.428571428571429,7.0,20.608333333333334,0.0,6.428571428571429,,,0.9155176918602385
11982,Semi,Ojeleye,F,CZV,7.5,10.5,0.2,1,11982,Semi Ojeleye,0.0,P011982,100.0,RED,1.0,9.129984123629619,9.129984123629619,0.6205620619768965,vs IST,12.0,10.714285714285714,10.5,25.916666666666664,0.0,10.714285714285714,,,1.2173312164839492
6739,Alessandro,Pajola,G,PAR,7.6,12.7,0.4,1,6739,Alessandro Pajola,0.0,P006739,100.0,PAR,1.0,9.107454443095818,9.107454443095818,0.5136203818782274,@ MUN,11.0,12.414285714285715,12.65,20.225,0.0,12.414285714285715,,,1.1983492688283972
7519,Rokas,Jokubaitis,G,BAY,8.6,10.9,0.1,1,7519,Rokas Jokubaitis,0.0,P007519,100.0,MUN,1.0,9.082223604984872,9.082223604984872,0.4863796181217726,vs PAR,13.0,11.200000000000001,10.9,18.833333333333336,0.0,11.200000000000001,,,1.0560725122075434
15139,Stanley,Umude,G,BAR,9.0,9.3,0.0,1,15139,Stanley Umude,0.0,P015139,100.0,BAR,1.0,9.053551940044455,9.053551940044455,0.43254797952807866,@ BES,12.0,9.685714285714285,9.3,15.341666666666665,0.0,9.685714285714285,,,1.0059502155604951
-,Tamir,Blatt,G,HTA,7.6,0.0,-0.2,1,Tamir Blatt|HTA,Tamir Blatt,0.0,P011193,100.0,HTA,1.0,9.009941563994207,9.009941563994207,0.56868660084237,vs MAD,,,,,,,,,1.1855186268413431
5637,Nikola,Tanaskovic,C,PAR,7.9,11.6,0.3,1,5637,Nikola Tanaskovic,0.0,P005637,100.0,PAR,1.0,8.954660114036042,8.954660114036042,0.5136203818782274,@ MUN,13.200000000000001,11.785714285714286,11.55,21.075000000000003,0.0,11.785714285714286,,,1.1335012802577267
12710,Ercan,Osmani,F,EFS,9.4,4.1,-0.5,1,12710,Ercan Osmani,0.0,P012710,100.0,IST,1.0,8.936213674087053,8.936213674087053,0.37943793802310355,@ RED,2.2,3.8285714285714287,4.1,17.991666666666667,0.0,3.8285714285714287,,,0.9506610291581972
9549,Isaia,Cordinier,G,EFS,9.0,0.0,-0.2,1,9549,Isaia Cordinier,0.0,P009549,100.0,IST,1.0,8.872963202211562,8.872963202211562,0.37943793802310355,@ RED,,,,,,,,,0.9858848002457291
11284,Kenneth,Faried,C,KBA,9.2,11.5,0.1,1,11284,Kenneth Faried,0.0,P011284,100.0,BAS,1.0,8.863456841868189,8.863456841868189,0.4788879198342408,vs MIL,20.0,12.714285714285714,11.5,20.425,0.0,12.714285714285714,,,0.9634192219421945
15029,Trent,Frazier,G,VIR,10.1,8.5,-0.2,1,15029,Trent Frazier,0.0,P015029,100.0,VIR,1.0,8.844217760739479,8.844217760739479,0.3621449112064963,vs OLY,15.0,9.428571428571429,8.5,20.733333333333334,0.0,9.428571428571429,,,0.875665124825691
8985,Leandro,Bolmaro,G,MIL,8.4,1.6,-0.6,1,8985,Leandro Bolmaro,0.0,P008985,100.0,MIL,1.0,8.782988488099384,8.782988488099384,0.5211120801657593,@ BAS,2.2,1.6857142857142857,1.6,22.1,0.0,1.6857142857142857,,,1.0455938676308791
13667,Bruno,Fernando,C,EFS,10.0,7.0,-0.3,1,13667,Bruno Fernando,0.0,P013667,100.0,IST,1.0,8.751122136228915,8.751122136228915,0.37943793802310355,@ RED,11.0,7.571428571428571,7.0,18.166666666666664,0.0,7.571428571428571,,,0.8751122136228915
10431,Jeremy,Morgan,F,PBB,5.9,2.0,-0.4,1,10431,Jeremy Morgan,0.0,P010431,100.0,PRS,2.0,8.70572366600681,4.352861833003405,0.5056967659890587,"vs ZAL, vs ASV",7.0,2.7142857142857144,2.0,13.058333333333334,0.0,2.7142857142857144,,,1.4755463840689507
10393,Jaime,Pradilla,F,RMB,8.6,7.0,-0.2,1,10393,Jaime Pradilla,0.0,P010393,100.0,MAD,1.0,8.658600694141636,8.658600694141636,0.43131339915762995,@ HTA,8.0,7.142857142857143,7.0,15.266666666666666,0.0,7.142857142857143,,,1.0068140342025158
14737,Wendell,Moore,G,VIR,8.8,10.5,0.1,1,14737,Wendell Moore,0.0,P014737,100.0,VIR,1.0,8.648556928042211,8.648556928042211,0.3621449112064963,vs OLY,10.0,10.428571428571429,10.5,24.424999999999997,0.0,10.428571428571429,,,0.9827905600047967
14027,Mamadi,Diakite,C,DUB,10.0,7.7,-0.2,1,14027,Mamadi Diakite,0.0,P014027,100.0,DUB,1.0,8.637590248634403,8.637590248634403,0.3445726239188467,@ ULK,7.700000000000001,7.700000000000001,7.700000000000001,15.649999999999999,0.0,7.700000000000001,,,0.8637590248634404
14783,Garrison,Mathews,G,MIL,8.9,3.3,-0.4,1,14783,Garrison Mathews,0.0,P014783,100.0,MIL,1.0,8.631055679073855,8.631055679073855,0.5211120801657593,@ BAS,3.3000000000000003,3.3000000000000003,3.3000000000000003,13.433333333333334,0.0,3.3000000000000003,,,0.9697815369745904
2939,Tomas,Satoransky,G,HTA,9.2,4.4,-0.4,1,2939,Tomas Satoransky,0.0,P002939,100.0,HTA,1.0,8.581655967559765,8.581655967559765,0.56868660084237,vs MAD,8.8,5.028571428571429,4.4,19.116666666666667,0.0,5.028571428571429,,,0.9327886921260615
14152,Kobi,Simmons,G,KBA,9.4,3.0,-0.6,1,14152,Kobi Simmons,0.0,P014152,100.0,BAS,1.0,8.478125242416711,8.478125242416711,0.4788879198342408,vs MIL,1.0,2.7142857142857144,3.0,14.583333333333332,0.0,2.7142857142857144,,,0.9019282172783735
11231,Jaron,Blossomgame,F,DUB,9.1,6.6,-0.3,1,11231,Jaron Blossomgame,0.0,P011231,100.0,DUB,1.0,8.475125893817932,8.475125893817932,0.3445726239188467,@ ULK,9.9,7.071428571428571,6.6000000000000005,14.375,0.0,7.071428571428571,,,0.9313325158041684
6833,Olivier,Sarr,C,RMB,9.0,7.0,-0.2,1,6833,Olivier Sarr,0.0,P006833,100.0,MAD,1.0,8.466318254624793,8.466318254624793,0.43131339915762995,@ HTA,7.0,7.0,7.0,4.133333333333334,0.0,7.0,,,0.9407020282916437
14782,Jason,Burnell,F,MIL,8.8,6.6,-0.3,1,14782,Jason Burnell,0.0,P014782,100.0,MIL,1.0,8.44887498824311,8.44887498824311,0.5211120801657593,@ BAS,13.200000000000001,7.542857142857144,6.6000000000000005,14.391666666666666,0.0,7.542857142857144,,,0.9600994304821716
9025,Anthony,Brown,F,BJK,9.4,3.0,-0.3,1,9025,Anthony Brown,0.0,P009025,100.0,BES,1.0,8.414763318030575,8.414763318030575,0.5674520204719213,vs BAR,3.0,3.0,3.0,24.866666666666667,0.0,3.0,,,0.8951875870245293
12515,Terry,Tarpey,G,PBB,6.9,6.5,-0.1,1,12515,Terry Tarpey,0.0,P012515,100.0,PRS,2.0,8.377527096034026,4.188763548017013,0.5056967659890587,"vs ZAL, vs ASV",8.0,6.714285714285714,6.5,14.4,0.0,6.714285714285714,,,1.2141343617440616
10581,Dylan,Osetkowski,F,VBC,7.7,12.1,0.2,1,10581,Dylan Osetkowski,0.0,P010581,100.0,PAM,1.0,8.37664331869831,8.37664331869831,0.5971169724125529,@ ASV,22.0,13.514285714285714,12.1,18.583333333333336,0.0,13.514285714285714,,,1.087875755675105
15244,Nick,Smith Jr,G,RMB,8.4,10.0,-0.1,1,15244,Nick Smith Jr,0.0,P015244,100.0,MAD,1.0,8.337357988296672,8.337357988296672,0.43131339915762995,@ HTA,10.0,10.0,10.0,13.483333333333333,0.0,10.0,,,0.9925426176543657
13943,Daron,Russell,G,EFS,10.3,3.2,-0.7,1,13943,Daron Russell,0.0,P013943,100.0,IST,1.0,8.31641197846094,8.31641197846094,0.37943793802310355,@ RED,4.4,3.3714285714285714,3.2,6.558333333333334,0.0,3.3714285714285714,,,0.807418638685528
12707,Marcus,Carr,G,VIR,9.6,7.5,-0.3,1,12707,Marcus Carr,0.0,P012707,100.0,VIR,1.0,8.281538320238319,8.281538320238319,0.3621449112064963,vs OLY,11.0,8.0,7.5,21.458333333333336,0.0,8.0,,,0.8626602416914916
14108,Aliou,Diarra,C,VIR,6.6,16.0,0.7,1,14108,Aliou Diarra,0.0,P014108,100.0,VIR,1.0,8.253725691261177,8.253725691261177,0.3621449112064963,vs OLY,22.0,16.857142857142858,16.0,22.458333333333336,0.0,16.857142857142858,,,1.250564498675936
2676,Arnas,Butkevicius,F,ZAL,7.0,6.8,0.0,1,2676,Arnas Butkevicius,0.0,P002676,100.0,ZAL,1.0,8.246176200066087,8.246176200066087,0.5580235718679235,@ PRS,7.0,6.828571428571428,6.800000000000001,18.416666666666664,0.0,6.828571428571428,,,1.1780251714380123
14115,Omari,Moore,G,VBC,8.3,8.3,0.0,1,14115,Omari Moore,0.0,P014115,100.0,PAM,1.0,8.210735367031626,8.210735367031626,0.5971169724125529,@ ASV,13.200000000000001,8.957142857142857,8.25,16.333333333333332,0.0,8.957142857142857,,,0.9892452249435694
9754,Jordan,Loyd,G,EFS,9.6,4.1,-0.5,1,9754,Jordan Loyd,0.0,P009754,100.0,IST,1.0,8.166675219540652,8.166675219540652,0.37943793802310355,@ RED,13.200000000000001,5.4,4.1000000000000005,19.34166666666667,0.0,5.4,,,0.8506953353688179
13699,Jimmy,Clark III,G,MTA,9.4,7.0,-0.1,1,13699,Jimmy Clark III,0.0,P013699,100.0,TEL,1.0,8.159150785964048,8.159150785964048,0.28943062601179204,@ PAN,7.0,7.0,7.0,13.533333333333333,0.0,7.0,,,0.8679947644642604
11247,Andres,Feliz,G,RMB,6.3,11.5,0.4,1,11247,Andres Feliz,0.0,P011247,100.0,MAD,1.0,8.151959271350652,8.151959271350652,0.43131339915762995,@ HTA,15.0,12.0,11.5,20.85,0.0,12.0,,,1.2939617891032782
229,Edwin,Jackson,F,ASV,4.5,0.0,-0.1,1,229,Edwin Jackson,0.0,P000229,100.0,ASV,2.0,8.06795211469893,4.033976057349465,0.4167329618707032,"vs PAM, @ PRS",,,,,,,,,1.7928782477108731
14102,Kai,Jones,C,EFS,8.7,10.1,0.1,1,14102,Kai Jones,0.0,P014102,100.0,IST,1.0,8.06125447784056,8.06125447784056,0.37943793802310355,@ RED,13.200000000000001,10.542857142857144,10.100000000000001,16.775,0.0,10.542857142857144,,,0.9265809744644322
9664,Derek,Willis,F,PAR,8.0,5.5,-0.2,1,9664,Derek Willis,0.0,P009664,100.0,PAR,1.0,8.050315404153475,8.050315404153475,0.5136203818782274,@ MUN,5.5,5.5,5.5,3.15,0.0,5.5,,,1.0062894255191843
-,Saras,Jasikevicius,HC,FBT,9.0,17.5,0.4,1,HC-FBT,Saras Jasikevicius,0.0,,0.0,ULK,1.0,7.9310943181204525,,,vs DUB,,,,,,,,,0.8812327020133837
1288,Vladimir,Lucic,F,BAY,8.7,1.6,-0.6,1,1288,Vladimir Lucic,0.0,P001288,100.0,MUN,1.0,7.887658241404454,7.887658241404454,0.4863796181217726,vs PAR,2.0,1.6142857142857143,1.55,14.583333333333334,0.0,1.6142857142857143,,,0.9066273840694775
14738,Bobi,Klintman,C,VIR,9.6,6.0,-0.4,1,14738,Bobi Klintman,0.0,P014738,100.0,VIR,1.0,7.853236554750496,7.853236554750496,0.3621449112064963,vs OLY,9.0,6.428571428571429,6.0,20.183333333333334,0.0,6.428571428571429,,,0.8180454744531767
14733,Johnny,Juzang,F,FBT,9.9,6.6,-0.3,1,14733,Johnny Juzang,0.0,P014733,100.0,ULK,1.0,7.7734177929407675,7.7734177929407675,0.6554273760811533,vs DUB,6.6000000000000005,3.771428571428572,3.3000000000000003,6.633333333333334,0.0,3.771428571428572,,,0.7851937164586633
13374,Mouhamet,Diouf,C,VIR,9.3,5.0,-0.4,1,13374,Mouhamet Diouf,0.0,P013374,100.0,VIR,1.0,7.743745155255935,7.743745155255935,0.3621449112064963,vs OLY,1.0,4.428571428571429,5.0,11.591666666666667,0.0,4.428571428571429,,,0.8326607693823586
15085,Keaton,Wallace,G,MTA,10.2,-3.0,-0.6,1,15085,Keaton Wallace,0.0,P015085,100.0,TEL,1.0,7.658466449195424,7.658466449195424,0.28943062601179204,@ PAN,-3.0,-3.0,-3.0,12.233333333333333,0.0,-3.0,,,0.7508300440387671
10391,Nick,Weiler-Babb,G,CZV,9.4,1.5,-0.7,1,10391,Nick Weiler-Babb,0.0,P010391,100.0,RED,1.0,7.610677428492914,7.610677428492914,0.6205620619768965,vs IST,7.0,2.2857142857142856,1.5,19.125,0.0,2.2857142857142856,,,0.8096465349460547
12700,Dj,Stewart,G,KBA,8.3,8.0,-0.1,1,12700,Dj Stewart,0.0,P012700,100.0,BAS,1.0,7.5329223319717205,7.5329223319717205,0.4788879198342408,vs MIL,18.0,9.428571428571429,8.0,24.275,0.0,9.428571428571429,,,0.9075810038520145
12742,Perry,Dozier,G,EFS,7.4,9.9,0.2,1,12742,Perry Dozier,0.0,P012742,100.0,IST,1.0,7.44826513619539,7.44826513619539,0.37943793802310355,@ RED,19.8,11.314285714285715,9.9,15.783333333333333,0.0,11.314285714285715,,,1.0065223157020797
14740,Gonzalo,Corbalan,G,VBC,8.9,0.0,-0.5,1,14740,Gonzalo Corbalan,0.0,P014740,100.0,PAM,1.0,7.3975591176696796,7.3975591176696796,0.5971169724125529,@ ASV,0.0,0.0,0.0,11.683333333333334,0.0,0.0,,,0.8311864177156943
12609,Collin,Malcolm,F,EFS,8.1,5.6,-0.3,1,12609,Collin Malcolm,0.0,P012609,100.0,IST,1.0,7.3968833721629395,7.3968833721629395,0.37943793802310355,@ RED,2.2,5.114285714285714,5.6,16.616666666666667,0.0,5.114285714285714,,,0.9131954780448074
-,Georgios,Bartzokas,HC,OLY,10.3,15.0,0.3,1,HC-OLY,Georgios Bartzokas,0.0,,0.0,OLY,1.0,7.38777231354046,,,@ VIR,,,,,,,,,0.7172594479165495
13389,Saben,Lee,G,ZAL,8.5,0.0,-0.2,1,13389,Saben Lee,0.0,P013389,100.0,ZAL,1.0,7.3171356562970225,7.3171356562970225,0.5580235718679235,@ PRS,,,,,,,,,0.8608394889761203
14736,Damion,Baugh,G,KBA,8.4,6.0,-0.2,1,14736,Damion Baugh,0.0,P014736,100.0,BAS,1.0,7.27154242193021,7.27154242193021,0.4788879198342408,vs MIL,3.0,5.571428571428571,6.0,13.858333333333334,0.0,5.571428571428571,,,0.8656598121345488
14416,Kessler,Edwards,F,VIR,10.0,12.5,0.1,1,14416,Kessler Edwards,0.0,P014416,100.0,VIR,1.0,7.226387043486066,7.226387043486066,0.3621449112064963,vs OLY,13.0,12.571428571428571,12.5,24.9,0.0,12.571428571428571,,,0.7226387043486067
7866,Konstantinos,Mitoglou,F,PAO,5.9,15.4,0.4,1,7866,Konstantinos Mitoglou,0.0,P007866,100.0,PAN,1.0,7.161187978811588,7.161187978811588,0.710569373988208,vs TEL,15.400000000000002,15.400000000000002,15.400000000000002,18.116666666666667,0.0,15.400000000000002,,,1.2137606743748455
7201,Johannes,Voigtmann,C,BAY,7.9,13.4,0.4,1,7201,Johannes Voigtmann,0.0,P007201,100.0,MUN,1.0,7.156651991380806,7.156651991380806,0.4863796181217726,vs PAR,8.0,12.585714285714287,13.350000000000001,17.266666666666666,0.0,12.585714285714287,,,0.9059053153646589
9783,Bonzie,Colson,F,MTA,10.8,1.0,-0.5,1,9783,Bonzie Colson,0.0,P009783,100.0,TEL,1.0,7.117744047929874,7.117744047929874,0.28943062601179204,@ PAN,1.0,1.0,1.0,8.783333333333333,0.0,1.0,,,0.6590503748083216
8186,Marek,Blazevic,C,ZAL,9.1,1.5,-0.7,1,8186,Marek Blazevic,0.0,P008186,100.0,ZAL,1.0,7.111521233895752,7.111521233895752,0.5580235718679235,@ PRS,3.0,1.7142857142857142,1.5,14.399999999999999,0.0,1.7142857142857142,,,0.7814858498786541
10545,Neal,Sako,C,VBC,9.0,9.4,0.0,1,10545,Neal Sako,0.0,P010545,100.0,PAM,1.0,7.090856416073255,7.090856416073255,0.5971169724125529,@ ASV,4.4,8.642857142857144,9.350000000000001,14.299999999999999,0.0,8.642857142857144,,,0.7878729351192505
14168,Braxton,Key,F,FBT,8.6,12.1,0.2,1,14168,Braxton Key,0.0,P014168,100.0,ULK,1.0,7.083230879461943,7.083230879461943,0.6554273760811533,vs DUB,0.0,10.371428571428572,12.100000000000001,23.025,0.0,10.371428571428572,,,0.8236314976118538
8855,Thomas,Walkup,G,DUB,7.8,4.6,-0.3,1,8855,Thomas Walkup,0.0,P008855,100.0,DUB,1.0,7.03719084626037,7.03719084626037,0.3445726239188467,@ ULK,11.0,5.3428571428571425,4.4,14.116666666666667,0.0,5.3428571428571425,,,0.9022039546487655
14005,Derrick,Alston Jr.,F,VIR,8.2,4.5,-0.4,1,14005,Derrick Alston Jr.,0.0,P014005,100.0,VIR,1.0,6.987116465605648,6.987116465605648,0.3621449112064963,vs OLY,5.0,4.571428571428571,4.5,22.775,0.0,4.571428571428571,,,0.8520873738543474
2329,Edgaras,Ulanovas,F,ZAL,6.4,5.9,-0.1,1,2329,Edgaras Ulanovas,0.0,P002329,100.0,ZAL,1.0,6.926507494996441,6.926507494996441,0.5580235718679235,@ PRS,4.0,5.585714285714286,5.8500000000000005,12.95,0.0,5.585714285714286,,,1.0822667960931938
6661,Scottie,Wilbekin,G,BJK,7.7,13.0,0.2,1,6661,Scottie Wilbekin,0.0,P006661,100.0,BES,1.0,6.908574539664268,6.908574539664268,0.5674520204719213,vs BAR,13.0,13.0,13.0,24.166666666666668,0.0,13.0,,,0.8972174726836711
-,Maxime,Lefevre,HC,PBB,4.6,-10.0,-0.8,1,HC-PBB,Maxime Lefevre,0.0,,0.0,PRS,2.0,6.891109510233086,,,"vs ZAL, vs ASV",,,,,,,,,1.4980672848332797
-,Ibon,Navarro,HC,CZV,6.7,-5.0,-0.6,1,HC-CZV,Ibon Navarro,0.0,,0.0,RED,1.0,6.8588348371098915,,,vs IST,,,,,,,,,1.0237066921059539
15103,Damian,Jones,C,RMB,9.2,5.0,-0.4,1,15103,Damian Jones,0.0,P015103,100.0,MAD,1.0,6.846013984492822,6.846013984492822,0.43131339915762995,@ HTA,-2.0,4.0,5.0,11.733333333333334,0.0,4.0,,,0.7441319548361763
14802,Rasheed,Bello,G,VIR,10.4,0.5,-0.9,1,14802,Rasheed Bello,0.0,P014802,100.0,VIR,1.0,6.794761137292097,6.794761137292097,0.3621449112064963,vs OLY,5.0,1.1428571428571428,0.5,11.041666666666668,0.0,1.1428571428571428,,,0.653342417047317
11214,Jasiel,Rivero,C,VBC,7.5,11.0,0.2,1,11214,Jasiel Rivero,0.0,P011214,100.0,PAM,1.0,6.778101668681667,6.778101668681667,0.5971169724125529,@ ASV,11.0,11.0,11.0,15.683333333333334,0.0,11.0,,,0.9037468891575556
13290,Justinian,Jessup,G,BAY,7.8,5.5,-0.2,1,13290,Justinian Jessup,0.0,P013290,100.0,MUN,1.0,6.736664375410444,6.736664375410444,0.4863796181217726,vs PAR,1.0,4.814285714285715,5.45,13.533333333333333,0.0,4.814285714285715,,,0.8636749199244159
7630,Usman,Garuba,C,RMB,6.0,0.0,-0.2,1,7630,Usman Garuba,0.0,P007630,100.0,MAD,1.0,6.588508355132804,6.588508355132804,0.43131339915762995,@ HTA,,,,,,,,,1.0980847258554673
12618,Bodian,Massa,F,ASV,6.0,-0.9,-0.3,1,12618,Bodian Massa,0.0,P012618,100.0,ASV,2.0,6.576855249742922,3.288427624871461,0.4167329618707032,"vs PAM, @ PRS",-1.1,-1.1,-1.1,14.316666666666666,0.0,-1.1,,,1.0961425416238202
14742,Ethan,Thompson,G,PAR,9.6,-0.9,-1.0,1,14742,Ethan Thompson,0.0,P014742,100.0,PAR,1.0,6.507346294928224,6.507346294928224,0.5136203818782274,@ MUN,-1.1,-1.1,-1.1,10.658333333333333,0.0,-1.1,,,0.6778485723883567
5713,Rodions,Kurucs,F,KBA,6.6,6.0,-0.1,1,5713,Rodions Kurucs,0.0,P005713,100.0,BAS,1.0,6.446475645295418,6.446475645295418,0.4788879198342408,vs MIL,3.0,5.142857142857143,5.5,18.21666666666667,0.0,5.142857142857143,,,0.9767387341356695
10390,Kevarrius,Hayes,C,PAR,7.5,6.2,-0.2,1,10390,Kevarrius Hayes,0.0,P010390,100.0,PAR,1.0,6.444843732558957,6.444843732558957,0.5136203818782274,@ MUN,-1.1,5.028571428571429,6.050000000000001,15.683333333333334,0.0,5.028571428571429,,,0.8593124976745277
15140,Olivier,Nkamhoua,F,BAR,7.7,5.3,-0.3,1,15140,Olivier Nkamhoua,0.0,P015140,100.0,BAR,1.0,6.401061777618808,6.401061777618808,0.43254797952807866,@ BES,4.0,5.114285714285714,5.300000000000001,17.391666666666666,0.0,5.114285714285714,,,0.8313067243660789
13383,Wenyen,Gabriel,C,BJK,8.3,7.0,-0.1,1,13383,Wenyen Gabriel,0.0,P013383,100.0,BES,1.0,6.2510252588732795,6.2510252588732795,0.5674520204719213,vs BAR,7.0,7.0,7.0,15.0,0.0,7.0,,,0.7531355733582263
8173,Matteo,Spagnolo,G,KBA,6.4,5.5,-0.1,1,8173,Matteo Spagnolo,0.0,P008173,100.0,BAS,1.0,6.185345737818415,6.185345737818415,0.4788879198342408,vs MIL,4.0,5.285714285714286,5.5,18.283333333333335,0.0,5.285714285714286,,,0.9664602715341273
-,Xavier,Albert,HC,VBC,7.1,17.5,0.6,1,HC-VBC,Xavier Albert,0.0,,0.0,PAM,1.0,6.149504237809753,,,@ ASV,,,,,,,,,0.8661273574379934
9005,Gabriel,Deck,F,RMB,8.5,0.5,-0.7,1,9005,Gabriel Deck,0.0,P009005,100.0,MAD,1.0,6.081607366014275,6.081607366014275,0.43131339915762995,@ HTA,3.0,0.8571428571428571,0.5,19.191666666666666,0.0,0.8571428571428571,,,0.7154832195310912
6896,Ignas,Sargiunas,G,FBT,6.2,9.9,0.2,1,6896,Ignas Sargiunas,0.0,P006896,100.0,ULK,1.0,6.067230405930992,6.067230405930992,0.6554273760811533,vs DUB,15.400000000000002,10.685714285714287,9.900000000000002,16.816666666666666,0.0,10.685714285714287,,,0.9785855493437084
6643,Josep,Puerto,G,VBC,5.3,7.7,0.1,1,6643,Josep Puerto,0.0,P006643,100.0,PAM,1.0,6.01771687742432,6.01771687742432,0.5971169724125529,@ ASV,14.3,8.642857142857142,7.7,14.158333333333333,0.0,8.642857142857142,,,1.1354182787593057
5368,Santi,Yusta,F,EFS,8.4,2.1,-0.6,1,5368,Santi Yusta,0.0,P005368,100.0,IST,1.0,5.980287262643911,5.980287262643911,0.37943793802310355,@ RED,1.1,1.9142857142857144,2.05,8.033333333333333,0.0,1.9142857142857144,,,0.7119389598385608
11244,Oscar,Da Silva,F,BAY,7.0,2.6,-0.4,1,11244,Oscar Da Silva,0.0,P011244,100.0,MUN,1.0,5.966669312831792,5.966669312831792,0.4863796181217726,vs PAR,4.0,2.757142857142857,2.55,13.05,0.0,2.757142857142857,,,0.8523813304045417
10726,Tobias,Jensen,G,BAY,6.8,6.6,-0.1,1,10726,Tobias Jensen,0.0,P010726,100.0,MUN,1.0,5.878656167656068,5.878656167656068,0.4863796181217726,vs PAR,6.6000000000000005,6.6000000000000005,6.6000000000000005,16.0,0.0,6.6000000000000005,,,0.8645082599494218
12795,Justin,Anderson,F,DUB,6.4,0.0,-0.2,1,12795,Justin Anderson,0.0,P012795,100.0,DUB,1.0,5.83110935171796,5.83110935171796,0.3445726239188467,@ ULK,,,,,,,,,0.9111108362059313
12597,Kamar,Baldwin,G,BAY,7.0,0.0,-0.2,1,12597,Kamar Baldwin,0.0,P012597,100.0,MUN,1.0,5.825941757997809,5.825941757997809,0.4863796181217726,vs PAR,,,,,,,,,0.8322773939996869
7464,Joel,Parra,F,BAR,6.7,3.5,-0.3,1,7464,Joel Parra,0.0,P007464,100.0,BAR,1.0,5.808358738227741,5.808358738227741,0.43254797952807866,@ BES,7.0,4.0,3.5,26.883333333333333,0.0,4.0,,,0.8669192146608569
14316,Cory,Joseph,G,OLY,6.6,-1.8,-0.5,1,14316,Cory Joseph,0.0,P014316,100.0,OLY,1.0,5.682713779147988,5.682713779147988,0.6378550887935037,@ VIR,-2.2,-2.2,-2.2,15.316666666666666,0.0,-2.2,,,0.8610172392648466
12613,Mikael,Jantunen,F,RMB,6.1,7.5,0.0,1,12613,Mikael Jantunen,0.0,P012613,100.0,MAD,1.0,5.554696782387592,5.554696782387592,0.43131339915762995,@ HTA,5.0,7.142857142857143,7.5,19.333333333333332,0.0,7.142857142857143,,,0.9106060298996053
5844,Georgios,Papagiannis,C,EFS,7.4,0.0,-0.2,1,5844,Georgios Papagiannis,0.0,P005844,100.0,IST,1.0,5.5422911942172215,5.5422911942172215,0.37943793802310355,@ RED,,,,,,,,,0.7489582694888137
11927,Dustin,Sleva,F,ZAL,6.3,3.8,-0.2,1,11927,Dustin Sleva,0.0,P011927,100.0,ZAL,1.0,5.538767659827681,5.538767659827681,0.5580235718679235,@ PRS,1.0,2.9285714285714284,3.25,10.05,0.0,2.9285714285714284,,,0.8791694698139177
15138,Tyrese,Martin,F,BAR,8.3,1.1,-0.7,1,15138,Tyrese Martin,0.0,P015138,100.0,BAR,1.0,5.484365348833146,5.484365348833146,0.43254797952807866,@ BES,4.0,1.3428571428571427,0.8999999999999999,21.483333333333334,0.0,1.3428571428571427,,,0.6607669094979693
13929,Rj,Cole,G,MIL,7.9,1.4,-0.6,1,13929,Rj Cole,0.0,P013929,100.0,MIL,1.0,5.471720323393843,5.471720323393843,0.5211120801657593,@ BAS,8.8,2.4571428571428577,1.4000000000000004,12.05,0.0,2.4571428571428577,,,0.692622825746056
11949,Daulton,Hommes,F,PBB,6.0,0.0,-0.5,1,11949,Daulton Hommes,0.0,P011949,100.0,PRS,2.0,5.470840075916975,2.7354200379584874,0.5056967659890587,"vs ZAL, vs ASV",-1.0,-0.14285714285714285,0.0,11.466666666666667,0.0,-0.14285714285714285,,,0.9118066793194958
15152,Eugene,German,G,HTA,7.7,2.7,-0.5,1,15152,Eugene German,0.0,P015152,100.0,HTA,1.0,5.370706408303735,5.370706408303735,0.56868660084237,vs MAD,3.3000000000000003,2.7428571428571433,2.6500000000000004,8.216666666666667,0.0,2.7428571428571433,,,0.6974943387407448
-,Dimitris,Itoudis,HC,HTA,8.2,2.5,-0.2,1,HC-HTA,Dimitris Itoudis,0.0,,0.0,HTA,1.0,5.299113250971462,,,vs MAD,,,,,,,,,0.6462333232892027
-,Dusan,Alimpijevic,HC,BJK,5.7,-5.0,-0.3,1,HC-BJK,Dusan Alimpijevic,0.0,,0.0,BES,1.0,5.26238747953618,,,vs BAR,,,,,,,,,0.9232258736028386
14785,DaQuan,Jeffries,F,BJK,7.7,-3.0,-0.5,1,14785,DaQuan Jeffries,0.0,P014785,100.0,BES,1.0,5.1236116880628195,5.1236116880628195,0.5674520204719213,vs BAR,-3.0,-3.0,-3.0,5.45,0.0,-3.0,,,0.6654041153328337
8084,Eleftherios,Mantzoukas,F,PAO,4.8,13.2,0.3,1,8084,Eleftherios Mantzoukas,0.0,P008084,100.0,PAN,1.0,5.105272119893636,5.105272119893636,0.710569373988208,vs TEL,13.200000000000001,13.200000000000001,13.200000000000001,23.066666666666666,0.0,13.200000000000001,,,1.063598358311174
-,Brice,Dessert,C,EFS,5.4,0.0,-0.2,1,Brice Dessert|EFS,Brice Dessert,0.0,P010318,100.0,IST,1.0,5.049852191675,5.049852191675,0.37943793802310355,@ RED,,,,,,,,,0.9351578132731481
-,Tomas,Masiulis,HC,ZAL,7.6,2.5,-0.2,1,HC-ZAL,Tomas Masiulis,0.0,,0.0,ZAL,1.0,4.982390760147582,,,@ PRS,,,,,,,,,0.6555777315983661
7032,Maodo,Lo,G,ZAL,7.1,0.2,-0.6,1,7032,Maodo Lo,0.0,P007032,100.0,ZAL,1.0,4.9589694580665284,4.9589694580665284,0.5580235718679235,@ PRS,-4.0,-0.39999999999999986,0.20000000000000018,12.991666666666667,0.0,-0.39999999999999986,,,0.6984464025445815
8912,Khadeen,Carrington,G,HTA,7.4,-0.9,-0.5,1,8912,Khadeen Carrington,0.0,P008912,100.0,HTA,1.0,4.917808873209255,4.917808873209255,0.56868660084237,vs MAD,-1.1,-1.1,-1.1,1.05,0.0,-1.1,,,0.6645687666498993
15142,Justin,Minaya,F,BAR,7.4,1.7,-0.5,1,15142,Justin Minaya,0.0,P015142,100.0,BAR,1.0,4.7032875786209,4.7032875786209,0.43254797952807866,@ BES,-1.0,1.3142857142857145,1.7000000000000002,12.399999999999999,0.0,1.3142857142857145,,,0.6355794025163378
11935,Yoan,Makoundou,C,BAR,6.9,0.0,-0.2,1,11935,Yoan Makoundou,0.0,P011935,100.0,BAR,1.0,4.682481041526505,4.682481041526505,0.43254797952807866,@ BES,,,,,,,,,0.6786204408009427
8325,Kenan,Kamenjas,C,DUB,5.8,0.0,-0.2,1,8325,Kenan Kamenjas,0.0,P008325,100.0,DUB,1.0,4.5453430983095355,4.5453430983095355,0.3445726239188467,@ ULK,,,,,,,,,0.7836798445361268
13284,Ish,Wainright,F,HTA,6.4,5.3,-0.1,1,13284,Ish Wainright,0.0,P013284,100.0,HTA,1.0,4.476021550007453,4.476021550007453,0.56868660084237,vs MAD,6.6000000000000005,5.485714285714287,5.300000000000001,17.03333333333333,0.0,5.485714285714287,,,0.6993783671886645
11948,Markus,Howard,G,KBA,8.3,1.5,-0.6,1,11948,Markus Howard,0.0,P011948,100.0,BAS,1.0,4.408032212480951,4.408032212480951,0.4788879198342408,vs MIL,-5.0,0.14285714285714285,1.0,11.45,0.0,0.14285714285714285,,,0.5310882183711988
11052,Yam,Madar,G,MTA,9.1,16.0,0.3,1,11052,Yam Madar,0.0,P011052,100.0,TEL,1.0,4.395392887872499,4.395392887872499,0.28943062601179204,@ PAN,16.0,16.0,16.0,25.966666666666665,0.0,16.0,,,0.4830102074585164
4761,Vanja,Marinkovic,G,PAR,4.9,0.0,-0.2,1,4761,Vanja Marinkovic,0.0,P004761,100.0,PAR,1.0,4.388108433153768,4.388108433153768,0.5136203818782274,@ MUN,,,,,,,,,0.8955323332966872
6904,Joel,Ayayi,G,PBB,4.9,0.0,-0.2,1,6904,Joel Ayayi,0.0,P006904,100.0,PRS,2.0,4.348838076379281,2.1744190381896407,0.5056967659890587,"vs ZAL, vs ASV",,,,,,,,,0.8875179747712818
14026,Clement,Frisch,F,KBA,4.9,3.5,-0.1,1,14026,Clement Frisch,0.0,P014026,100.0,BAS,1.0,4.30792641304976,4.30792641304976,0.4788879198342408,vs MIL,7.0,4.0,3.5,4.416666666666667,0.0,4.0,,,0.8791686557244407
8811,Moustapha,Fall,C,PAO,8.1,0.0,-0.1,1,8811,Moustapha Fall,0.0,P008811,100.0,PAN,1.0,4.290929716086633,4.290929716086633,0.710569373988208,vs TEL,,,,,,,,,0.5297444093934115
9992,Dario,Brizuela,G,BAR,6.8,4.8,-0.2,1,9992,Dario Brizuela,0.0,P009992,100.0,BAR,1.0,4.117428195408102,4.117428195408102,0.43254797952807866,@ BES,-8.0,2.971428571428572,4.800000000000001,18.475,0.0,2.971428571428572,,,0.6055041463835443
6591,Frank,Ntilikina,G,PBB,7.7,-1.0,-0.5,1,6591,Frank Ntilikina,0.0,P006591,100.0,PRS,2.0,4.076154175373878,2.038077087686939,0.5056967659890587,"vs ZAL, vs ASV",-1.0,-1.0,-1.0,10.05,0.0,-1.0,,,0.5293706721264776
3458,Davis,Bertans,F,DUB,5.3,2.2,-0.3,1,3458,Davis Bertans,0.0,P003458,100.0,DUB,1.0,3.9568029270045755,3.9568029270045755,0.3445726239188467,@ ULK,3.3000000000000003,2.357142857142857,2.2,12.350000000000001,0.0,2.357142857142857,,,0.7465665900008633
13269,Myles,Cale,G,ASV,6.7,-1.8,-0.4,1,13269,Myles Cale,0.0,P013269,100.0,ASV,2.0,3.938760796359216,1.969380398179608,0.4167329618707032,"vs PAM, @ PRS",-2.2,-2.2,-2.2,9.05,0.0,-2.2,,,0.5878747457252561
-,Giuseppe,Poeta,HC,MIL,6.6,0.0,-0.3,1,HC-MIL,Giuseppe Poeta,0.0,,0.0,MIL,1.0,3.892777431939128,,,@ BAS,,,,,,,,,0.5898147624150194
14134,Miles,Norris,F,BAY,8.6,2.1,-0.6,1,14134,Miles Norris,0.0,P014134,100.0,MUN,1.0,3.6784535860304315,3.6784535860304315,0.4863796181217726,vs PAR,2.0,2.085714285714286,2.1,17.4,0.0,2.085714285714286,,,0.42772716116632925
-,Joan,Penarroya,HC,PAR,6.8,20.0,0.6,1,HC-PAR,Joan Penarroya,0.0,,0.0,PAR,1.0,3.672560620344919,,,@ MUN,,,,,,,,,0.5400824441683705
1557,Niels,Giffey,F,BAY,4.3,0.0,-0.2,1,1557,Niels Giffey,0.0,P001557,100.0,MUN,1.0,3.5954550321333407,3.5954550321333407,0.4863796181217726,vs PAR,,,,,,,,,0.8361523330542653
1255,Kostas,Papanikolaou,F,OLY,4.3,5.5,0.0,1,1255,Kostas Papanikolaou,0.0,P001255,100.0,OLY,1.0,3.5194587085970577,3.5194587085970577,0.6378550887935037,@ VIR,5.5,5.5,5.5,10.958333333333332,0.0,5.5,,,0.8184787694411763
11305,Tyson,Carter,G,CZV,6.6,7.5,0.0,1,11305,Tyson Carter,0.0,P011305,100.0,RED,1.0,3.506436794124183,3.506436794124183,0.6205620619768965,vs IST,12.0,8.142857142857142,7.5,17.633333333333333,0.0,8.142857142857142,,,0.5312783021400278
11816,Nicola,Akele,F,MIL,4.0,0.0,0.0,1,11816,Nicola Akele,0.0,P011816,100.0,MIL,1.0,3.4393345159654234,3.4393345159654234,0.5211120801657593,@ BAS,,,,,,,,,0.8598336289913558
11823,Tai,Odiase,C,HTA,6.1,4.9,-0.1,1,11823,Tai Odiase,0.0,P011823,100.0,HTA,1.0,3.4343497292424,3.4343497292424,0.56868660084237,vs MAD,8.8,5.457142857142857,4.9,13.591666666666669,0.0,5.457142857142857,,,0.5630081523348197
14731,Davion,Mintz,G,DUB,6.3,1.8,-0.4,1,14731,Davion Mintz,0.0,P014731,100.0,DUB,1.0,3.29559215686359,3.29559215686359,0.3445726239188467,@ ULK,4.4,2.042857142857143,1.6500000000000001,10.991666666666667,0.0,2.042857142857143,,,0.5231098661688238
3733,Alberto,Abalde,F,RMB,4.3,2.5,-0.1,1,3733,Alberto Abalde,0.0,P003733,100.0,MAD,1.0,3.1625275535862363,3.1625275535862363,0.43131339915762995,@ HTA,6.0,3.0,2.5,13.475000000000001,0.0,3.0,,,0.7354715240898224
4007,Ognjen,Dobric,F,CZV,4.7,0.0,-0.5,1,4007,Ognjen Dobric,0.0,P004007,100.0,RED,1.0,3.065920549320396,3.065920549320396,0.6205620619768965,vs IST,1.0,0.14285714285714285,0.0,7.675,0.0,0.14285714285714285,,,0.6523235211319991
3783,Berk,Ugurlu,G,BJK,4.5,6.0,0.1,1,3783,Berk Ugurlu,0.0,P003783,100.0,BES,1.0,3.007571612722116,3.007571612722116,0.5674520204719213,vs BAR,6.0,6.0,6.0,5.233333333333333,0.0,6.0,,,0.6683492472715814
-,Anton,Gavel,HC,BAY,5.1,-5.0,-0.5,1,HC-BAY,Anton Gavel,0.0,,0.0,MUN,1.0,2.873222442911798,,,vs PAR,,,,,,,,,0.5633769495905486
9513,Justus,Hollatz,G,BAY,4.8,-0.5,-0.5,1,9513,Justus Hollatz,0.0,P009513,100.0,MUN,1.0,2.6846667225837657,2.6846667225837657,0.4863796181217726,vs PAR,0.0,-0.4714285714285715,-0.55,10.7,0.0,-0.4714285714285715,,,0.5593055672049512
-,Paolo,Galbiati,HC,KBA,4.6,-15.0,-1.0,1,HC-KBA,Paolo Galbiati,0.0,,0.0,BAS,1.0,2.6535701335001516,,,vs MIL,,,,,,,,,0.576863072500033
11706,Mario,Saint-supery,G,VBC,4.9,4.6,-0.1,1,11706,Mario Saint-supery,0.0,P011706,100.0,PAM,1.0,2.622995502452784,2.622995502452784,0.5971169724125529,@ ASV,-2.2,3.457142857142857,4.4,16.441666666666666,0.0,3.457142857142857,,,0.5353052045822008
11157,Johnathan,Motley,C,CZV,10.0,-6.0,-1.4,1,11157,Johnathan Motley,0.0,P011157,100.0,RED,1.0,2.5680620638020053,2.5680620638020053,0.6205620619768965,vs IST,1.0,-5.0,-6.0,15.108333333333333,0.0,-5.0,,,0.2568062063802005
7960,Dejan,Davidovac,F,CZV,4.3,0.0,-0.2,1,7960,Dejan Davidovac,0.0,P007960,100.0,RED,1.0,2.52354084457472,2.52354084457472,0.6205620619768965,vs IST,,,,,,,,,0.5868699638545861
2661,Klemen,Prepelic,G,DUB,4.4,0.0,-0.2,1,2661,Klemen Prepelic,0.0,P002661,100.0,DUB,1.0,2.479995664927207,2.479995664927207,0.3445726239188467,@ ULK,,,,,,,,,0.563635378392547
2968,Sertac,Sanli,C,FBT,4.5,5.5,0.1,1,2968,Sertac Sanli,0.0,P002968,100.0,ULK,1.0,2.4042354070491863,2.4042354070491863,0.6554273760811533,vs DUB,6.6000000000000005,5.6571428571428575,5.5,11.958333333333334,0.0,5.6571428571428575,,,0.5342745348998191
7990,John,Dibartolomeo,G,MTA,4.2,-3.0,-0.3,1,7990,John Dibartolomeo,0.0,P007990,100.0,TEL,1.0,2.3705452021261038,2.3705452021261038,0.28943062601179204,@ PAN,-3.0,-3.0,-3.0,7.566666666666666,0.0,-3.0,,,0.5644155243157389
5793,Bandja,Sy,F,PAR,4.9,0.0,-0.2,1,5793,Bandja Sy,0.0,P005793,100.0,PAR,1.0,2.350588441531781,2.350588441531781,0.5136203818782274,@ MUN,0.0,0.0,0.0,2.8666666666666667,0.0,0.0,,,0.47971192684322056
7029,Deividas,Sirvydis,G,ZAL,4.9,1.0,-0.3,1,7029,Deividas Sirvydis,0.0,P007029,100.0,ZAL,1.0,2.3494308936547124,2.3494308936547124,0.5580235718679235,@ PRS,1.0,1.0,1.0,3.85,0.0,1.0,,,0.4794756925825943
10550,Tomer,Ginat,F,HTA,4.4,0.0,-0.2,1,10550,Tomer Ginat,0.0,P010550,100.0,HTA,1.0,2.344255658403663,2.344255658403663,0.56868660084237,vs MAD,,,,,,,,,0.5327853769099234
1844,Daniel,Hackett,G,VIR,4.6,-1.0,-0.5,1,1844,Daniel Hackett,0.0,P001844,100.0,VIR,1.0,2.340001205613445,2.340001205613445,0.3621449112064963,vs OLY,-3.0,-1.2857142857142858,-1.0,11.791666666666668,0.0,-1.2857142857142858,,,0.5086959142637925
13381,William,Rayman,F,MTA,4.2,1.0,-0.1,1,13381,William Rayman,0.0,P013381,100.0,TEL,1.0,2.326648506765676,2.326648506765676,0.28943062601179204,@ PAN,1.0,1.0,1.0,10.95,0.0,1.0,,,0.5539639301823038
14220,Chris,Silva,C,FBT,7.6,-1.4,-0.7,1,14220,Chris Silva,0.0,P014220,100.0,ULK,1.0,2.2235236366967275,2.2235236366967275,0.6554273760811533,vs DUB,-3.3000000000000003,-1.885714285714286,-1.6500000000000001,7.575,0.0,-1.885714285714286,,,0.2925688995653589
7736,Arijan,Lakic,F,PAR,4.0,2.2,0.0,1,7736,Arijan Lakic,0.0,P007736,100.0,PAR,1.0,2.172125043170245,2.172125043170245,0.5136203818782274,@ MUN,1.1,2.042857142857143,2.2,20.616666666666667,0.0,2.042857142857143,,,0.5430312607925613
6707,Tommaso,Baldasso,G,VIR,4.3,8.0,0.0,1,6707,Tommaso Baldasso,0.0,P006707,100.0,VIR,1.0,2.146496062027764,2.146496062027764,0.3621449112064963,vs OLY,8.0,4.571428571428571,4.0,6.483333333333333,0.0,4.571428571428571,,,0.49918513070413123
14120,Gur,Lavi,F,MTA,4.4,0.0,-0.1,1,14120,Gur Lavi,0.0,P014120,100.0,TEL,1.0,2.100159837795178,2.100159837795178,0.28943062601179204,@ PAN,,,,,,,,,0.4773090540443585
11980,Nathan,Sestina,F,ASV,7.6,0.0,-0.3,1,11980,Nathan Sestina,0.0,P011980,100.0,ASV,2.0,2.0626131831475467,1.0313065915737734,0.4167329618707032,"vs PAM, @ PRS",0.0,0.0,0.0,3.3333333333333335,0.0,0.0,,,0.2713964714667825
1518,Giampaolo,Ricci,F,MIL,4.5,6.0,-0.1,1,1518,Giampaolo Ricci,0.0,P001518,100.0,MIL,1.0,2.056790937618382,2.056790937618382,0.5211120801657593,@ BAS,0.0,2.5714285714285716,3.0,2.975,1.0,2.5714285714285716,DNP last 1,,0.45706465280408487
2328,Marius,Grigonis,F,ZAL,6.0,6.0,-0.1,1,2328,Marius Grigonis,0.0,P002328,100.0,ZAL,1.0,2.0124045200291034,2.0124045200291034,0.5580235718679235,@ PRS,12.0,6.857142857142857,6.0,15.533333333333331,0.0,6.857142857142857,,,0.3354007533381839
TGB,Sergio,Llull,G,RMB,4.4,0.0,-0.2,1,Sergio Llull|RMB,Sergio Llull,0.0,PTGB,100.0,MAD,1.0,2.003301232268908,2.003301232268908,0.43131339915762995,@ HTA,,,,,,,,,0.45529573460656997
14219,Francesco,Ferrari,F,VIR,5.1,1.5,-0.3,1,14219,Francesco Ferrari,0.0,P014219,100.0,VIR,1.0,1.9946814966071331,1.9946814966071331,0.3621449112064963,vs OLY,0.0,1.2857142857142858,1.5,2.158333333333333,0.0,1.2857142857142858,,,0.39111401894257514
11085,Nikos,Rogkavopoulos,F,PAO,4.4,0.0,-0.1,1,11085,Nikos Rogkavopoulos,0.0,P011085,100.0,PAN,1.0,1.9858848272797642,1.9858848272797642,0.710569373988208,vs TEL,0.0,0.0,0.0,0.0,1.0,0.0,DNP last 1,,0.45133746074540093
14741,Alvaro,Cardenas,G,VBC,4.4,1.1,-0.2,1,14741,Alvaro Cardenas,0.0,P014741,100.0,PAM,1.0,1.9525714222019366,1.9525714222019366,0.5971169724125529,@ ASV,1.1,1.1,1.1,9.65,0.0,1.1,,,0.4437662323186219
7632,Mario,Nakic,F,PAR,5.4,-1.8,-0.4,1,7632,Mario Nakic,0.0,P007632,100.0,PAR,1.0,1.747010088351424,1.747010088351424,0.5136203818782274,@ MUN,-2.2,-1.2571428571428573,-1.1,2.1666666666666665,0.0,-1.2571428571428573,,,0.32352038673174516
-,Tyler,Ennis,G,HTA,5.6,0.0,-0.2,1,Tyler Ennis|HTA,Tyler Ennis,0.0,P008858,100.0,HTA,1.0,1.6594595940427659,1.6594595940427659,0.56868660084237,vs MAD,,,,,,,,,0.29633207036477965
-,Tony,Parker,HC,ASV,6.1,10.0,0.1,1,HC-ASV,Tony Parker,0.0,,0.0,ASV,2.0,1.650921202505189,,,"vs PAM, @ PRS",,,,,,,,,0.27064282008281787
-,Aleksander,Sekulic,HC,BAR,8.1,2.5,-0.2,1,HC-BAR,Aleksander Sekulic,0.0,,0.0,BAR,1.0,1.2927951916384368,,,@ BES,,,,,,,,,0.1596043446467206
-,Pedro,Martinez,HC,RMB,8.7,-5.0,-0.6,1,HC-RMB,Pedro Martinez,0.0,,0.0,MAD,1.0,1.2564284598878601,,,@ HTA,,,,,,,,,0.14441706435492646
11209,Panagiotis,Kalaitzakis,G,PAO,4.0,2.2,0.0,1,11209,Panagiotis Kalaitzakis,0.0,P011209,100.0,PAN,1.0,1.192820431969988,1.192820431969988,0.710569373988208,vs TEL,2.2,2.2,2.2,19.1,0.0,2.2,,,0.298205107992497
3048,Bryant,Dunston,C,OLY,5.5,0.0,-0.1,1,3048,Bryant Dunston,0.0,P003048,100.0,OLY,1.0,1.1593982774276335,1.1593982774276335,0.6378550887935037,@ VIR,0.0,0.0,0.0,0.0,1.0,0.0,DNP last 1,,0.21079968680502426
14015,Armando,Bacot,C,MTA,6.9,1.0,-0.3,1,14015,Armando Bacot,0.0,P014015,100.0,TEL,1.0,1.0807242745074408,1.0807242745074408,0.28943062601179204,@ PAN,1.0,1.0,1.0,3.283333333333333,0.0,1.0,,,0.15662670645035373
7929,Onuralp,Bitim,F,FBT,4.9,0.0,-0.2,1,7929,Onuralp Bitim,0.0,P007929,100.0,ULK,1.0,0.8577424666450112,0.8577424666450112,0.6554273760811533,vs DUB,0.0,0.0,0.0,0.0,1.0,0.0,DNP last 1,,0.1750494829887778
3091,Metecan,Birsen,F,BJK,5.4,0.0,-0.1,1,3091,Metecan Birsen,0.0,P003091,100.0,BES,1.0,0.8542397861804322,0.8542397861804322,0.5674520204719213,vs BAR,0.0,0.0,0.0,0.0,1.0,0.0,DNP last 1,,0.15819255299637633
10091,Nikolaos,Plotas,G,OLY,4.3,0.0,-0.2,1,10091,Nikolaos Plotas,0.0,P010091,100.0,OLY,1.0,0.8043835881654803,0.8043835881654803,0.6378550887935037,@ VIR,0.0,0.0,0.0,0.0,1.0,0.0,DNP last 1,,0.1870659507361582
7513,Dovydas,Giedraitis,G,ZAL,4.3,-1.0,-0.5,1,7513,Dovydas Giedraitis,0.0,P007513,100.0,ZAL,1.0,0.7702293637679078,0.7702293637679078,0.5580235718679235,@ PRS,-2.0,-1.1428571428571428,-1.0,10.125,0.0,-1.1428571428571428,,,0.17912310785300184
12096,Bruno,Caboclo,C,HTA,7.6,0.0,-0.2,1,12096,Bruno Caboclo,0.0,P012096,100.0,HTA,1.0,0.7686882536380293,0.7686882536380293,0.56868660084237,vs MAD,0.0,0.0,0.0,0.0,2.0,0.0,DNP last 2,,0.10114319126816175
8384,Gabriele,Procida,F,RMB,4.0,1.0,-0.1,1,8384,Gabriele Procida,0.0,P008384,100.0,MAD,1.0,0.7018865631307123,0.7018865631307123,0.43131339915762995,@ HTA,1.0,1.0,1.0,3.7666666666666666,0.0,1.0,,,0.17547164078267807
13385,Ousmane,Diop,C,MIL,4.0,0.0,0.0,1,13385,Ousmane Diop,0.0,P013385,100.0,MIL,1.0,0.651965563414604,0.651965563414604,0.5211120801657593,@ BAS,,,,,,,,,0.162991390853651
6482,David,Kramer,G,CZV,6.6,3.0,-0.3,1,6482,David Kramer,0.0,P006482,100.0,RED,1.0,0.6279744259258943,0.6279744259258943,0.6205620619768965,vs IST,-4.0,2.0,3.0,14.5,0.0,2.0,,,0.09514764029180217
10062,Agustin,Ubal,G,BAR,6.0,0.0,-0.2,1,10062,Agustin Ubal,0.0,P010062,100.0,BAR,1.0,0.6088399014064878,0.6088399014064878,0.43254797952807866,@ BES,0.0,0.0,0.0,0.0,2.0,0.0,DNP last 2,,0.1014733169010813
8176,David,Mutaf,G,EFS,4.0,0.0,0.0,1,8176,David Mutaf,0.0,P008176,100.0,IST,1.0,0.5661480252157378,0.5661480252157378,0.37943793802310355,@ RED,,,,,,,,,0.14153700630393445
14094,Stefan,Miljenovic,G,CZV,4.0,-1.0,0.0,1,14094,Stefan Miljenovic,0.0,P014094,100.0,RED,1.0,0.45968345512819436,0.45968345512819436,0.6205620619768965,vs IST,-1.0,-1.0,-1.0,2.8916666666666666,0.0,-1.0,,,0.11492086378204859
14107,Stefan,Joksimovic,F,KBA,4.0,3.0,0.1,1,14107,Stefan Joksimovic,0.0,P014107,100.0,BAS,1.0,0.42285559965029174,0.42285559965029174,0.4788879198342408,vs MIL,7.0,3.5714285714285716,3.0,8.658333333333333,0.0,3.5714285714285716,,,0.10571389991257293
14031,Kosta,Kondic,G,DUB,4.1,0.0,-0.2,1,14031,Kosta Kondic,0.0,P014031,100.0,DUB,1.0,0.369117634346259,0.369117634346259,0.3445726239188467,@ ULK,0.0,0.0,0.0,0.0,2.0,0.0,DNP last 2,,0.09002869130396561
5596,Yankuba,Sima,C,VBC,6.4,0.0,-0.2,1,5596,Yankuba Sima,0.0,P005596,100.0,PAM,1.0,0.34426024276599876,0.34426024276599876,0.5971169724125529,@ ASV,,,,,,,,,0.0537906629321873
5942,Nemanja,Dangubic,F,DUB,4.0,0.0,0.0,1,5942,Nemanja Dangubic,0.0,P005942,100.0,DUB,1.0,0.29875878297570213,0.29875878297570213,0.3445726239188467,@ ULK,,,,,,,,,0.07468969574392553
5670,Diego,Flaccadori,G,MIL,4.0,-1.0,0.0,1,5670,Diego Flaccadori,0.0,P005670,100.0,MIL,1.0,0.18914165795764337,0.18914165795764337,0.5211120801657593,@ BAS,-1.0,-1.0,-1.0,3.3666666666666667,0.0,-1.0,,,0.04728541448941084
6372,Erkan,Yilmaz,F,EFS,4.3,0.0,-0.2,1,6372,Erkan Yilmaz,0.0,P006372,100.0,IST,1.0,0.16012267379839046,0.16012267379839046,0.37943793802310355,@ RED,0.0,0.0,0.0,0.0,2.0,0.0,DNP last 2,,0.03723783111590476
6509,Stefano,Tonut,G,MIL,4.1,0.0,-0.2,1,6509,Stefano Tonut,0.0,P006509,100.0,MIL,1.0,0.11548149005302784,0.11548149005302784,0.5211120801657593,@ BAS,0.0,0.0,0.0,0.0,2.0,0.0,DNP last 2,,0.028166217086104353
4846,Bar,Timor,G,HTA,4.0,0.0,0.0,1,4846,Bar Timor,0.0,P004846,100.0,HTA,1.0,0.0917605305067126,0.0917605305067126,0.56868660084237,vs MAD,0.0,0.0,0.0,0.0,2.0,0.0,DNP last 2,,0.02294013262667815
-,Guy,Palatin,G,HTA,4.0,0.0,0.0,1,Guy Palatin|HTA,Guy Palatin,0.0,P013283,100.0,HTA,1.0,0.08337381535287326,0.08337381535287326,0.56868660084237,vs MAD,,,,,,,,,0.020843453838218316
2969,Melih,Mahmutoglu,G,FBT,4.0,0.0,0.0,1,2969,Melih Mahmutoglu,0.0,P002969,100.0,ULK,1.0,0.039623972643927086,0.039623972643927086,0.6554273760811533,vs DUB,,,,,,,,,0.009905993160981771
12879,Abdu,Kone,C,BAR,4.0,0.0,0.0,1,12879,Abdu Kone,0.0,,52.17391304347826,BAR,1.0,0.0,,,,,,,,,,unmatched,,0.0
13141,Georgios,Bourneles,G,OLY,4.0,0.0,0.0,1,13141,Georgios Bourneles,0.0,,56.53846153846154,OLY,1.0,0.0,,,,,,,,,,unmatched,,0.0
14506,Thierry Henry,Alves de Souza,C,KBA,4.0,0.0,0.0,1,14506,Thierry Henry Alves de Souza,0.0,,46.808510638297875,BAS,1.0,0.0,,,,,,,,,,unmatched,,0.0
13845,Kaodirichi,Akobundu-Ehiogu,C,ZAL,6.6,0.0,-0.2,1,13845,Kaodirichi Akobundu-Ehiogu,0.0,,50.0,ZAL,1.0,0.0,,,,,,,,,,unmatched,,0.0
-,Mam,Jaiteh,C,DUB,6.7,0.0,-0.2,1,Mam Jaiteh|DUB,Mam Jaiteh,0.0,,66.66666666666667,DUB,1.0,0.0,,,,,,,,,,unmatched,,0.0
15102,Max,Shulga,G,RMB,7.9,0.0,-0.2,1,15102,Max Shulga,0.0,,45.45454545454546,MAD,1.0,0.0,,,,,,,,,,unmatched,,0.0
6020,Amit,Ebo,G,MTA,4.4,0.0,-0.1,1,6020,Amit Ebo,0.0,P006020,100.0,TEL,1.0,0.0,0.0,0.28943062601179204,@ PAN,,,,,,,,,0.0
12158,Niko,Jerkic,G,BAY,4.0,0.0,0.0,1,12158,Niko Jerkic,0.0,,64.0,MUN,1.0,0.0,,,,,,,,,,unmatched,,0.0
15159,Iason,Varvaritis,G,PAO,4.0,0.0,0.0,1,15159,Iason Varvaritis,0.0,,58.06451612903225,PAN,1.0,0.0,,,,,,,,,,unmatched,,0.0
11837,Kevin,Kokila,C,VIR,8.8,0.0,-0.2,1,11837,Kevin Kokila,0.0,,61.53846153846154,VIR,1.0,0.0,,,,,,,,,,unmatched,,0.0
15141,Tosan,Evbuomwan,F,BAR,9.3,0.0,-0.2,1,15141,Tosan Evbuomwan,0.0,,59.25925925925925,BAR,1.0,0.0,,,,,,,,,,unmatched,,0.0
14801,Maozinha,Pereira,F,PBB,9.2,0.0,-0.2,1,14801,Maozinha Pereira,0.0,,52.94117647058824,PRS,2.0,0.0,,,,,,,,,,unmatched,,0.0
15162,Tyty,Washington,G,ASV,9.2,0.0,-0.1,1,15162,Tyty Washington,0.0,,75.0,ASV,2.0,0.0,,,,,,,,,,unmatched,,0.0
7483,Mathis,Dossou-yovo,F,ASV,9.3,0.0,-0.1,1,7483,Mathis Dossou-yovo,0.0,,60.60606060606061,ASV,2.0,0.0,,,,,,,,,,unmatched,,0.0
5763,Furkan,Korkmaz,F,BJK,8.2,0.0,-0.1,1,5763,Furkan Korkmaz,0.0,,61.53846153846154,BES,1.0,0.0,,,,,,,,,,unmatched,,0.0
14739,Mo,Gueye,F,VBC,8.6,0.0,-0.2,1,14739,Mo Gueye,0.0,,54.54545454545454,PAM,1.0,0.0,,,,,,,,,,unmatched,,0.0
4194,Joffrey,Lauvergne,C,PAR,9.0,0.0,-0.2,1,4194,Joffrey Lauvergne,0.0,,60.0,PAR,1.0,0.0,,,,,,,,,,unmatched,,0.0
15153,Amir,Coffey,F,HTA,12.4,0.0,-0.2,1,15153,Amir Coffey,0.0,,52.63157894736843,HTA,1.0,0.0,,,,,,,,,,unmatched,,0.0
14728,Patrick,Baldwin Jr,C,CZV,10.5,0.0,-0.2,1,14728,Patrick Baldwin Jr,0.0,,65.0,RED,1.0,0.0,,,,,,,,,,unmatched,,0.0
12233,Yagiz,Aksu,G,BJK,4.0,0.0,0.0,1,12233,Yagiz Aksu,0.0,,50.0,BES,1.0,0.0,,,,,,,,,,unmatched,,0.0
-,Aleksej,Nedeljkovic,F,CZV,4.0,0.0,0.0,1,Aleksej Nedeljkovic|CZV,Aleksej Nedeljkovic,0.0,P012948,100.0,RED,1.0,0.0,0.0,0.6205620619768965,vs IST,,,,,,,,,0.0
13422,Ruzgar,Fenemen,G,EFS,4.0,0.0,0.0,1,13422,Ruzgar Fenemen,0.0,P013422,100.0,IST,1.0,0.0,0.0,0.37943793802310355,@ RED,,,,,,,,,0.0
14103,Pedro,Souza,F,KBA,4.0,0.0,0.0,1,14103,Pedro Souza,0.0,,54.54545454545454,BAS,1.0,0.0,,,,,,,,,,unmatched,,0.0
4451,Ioannis,Kouzeloglou,F,PAO,4.0,0.0,0.0,1,4451,Ioannis Kouzeloglou,0.0,P004451,100.0,PAN,1.0,0.0,0.0,0.710569373988208,vs TEL,,,,,,,,,0.0
-,Max,Heidegger,G,HTA,5.7,0.0,-0.2,1,Max Heidegger|HTA,Max Heidegger,0.0,,53.84615384615385,HTA,1.0,0.0,,,,,,,,,,unmatched,,0.0
-,Nobel,Boungou-colo,F,PBB,5.6,0.0,-0.2,1,Nobel Boungou-colo|PBB,Nobel Boungou-colo,0.0,,58.06451612903225,PRS,2.0,0.0,,,,,,,,,,unmatched,,0.0
9400,Davide,Casarin,G,VIR,5.4,0.0,-0.2,1,9400,Davide Casarin,0.0,,57.14285714285714,VIR,1.0,0.0,,,,,,,,,,unmatched,,0.0
-,Shane,Hunter,C,MTA,5.8,0.0,-0.1,1,Shane Hunter|MTA,Shane Hunter,0.0,,58.33333333333333,TEL,1.0,0.0,,,,,,,,,,unmatched,,0.0
15126,Antonis,Karagiannidis,C,OLY,6.4,0.0,-0.2,1,15126,Antonis Karagiannidis,0.0,,63.41463414634146,OLY,1.0,0.0,,,,,,,,,,unmatched,,0.0
10262,Nikola,Djurisic,G,CZV,4.7,0.0,-0.2,1,10262,Nikola Djurisic,0.0,,70.96774193548387,RED,1.0,0.0,,,,,,,,,,unmatched,,0.0
-,George,Papas,G,OLY,4.4,0.0,-0.1,1,George Papas|OLY,George Papas,0.0,,68.75,OLY,1.0,0.0,,,,,,,,,,unmatched,,0.0
-,Frederic,Bourdillon,G,HTA,4.9,0.0,-0.2,1,Frederic Bourdillon|HTA,Frederic Bourdillon,0.0,,50.0,HTA,1.0,0.0,,,,,,,,,,unmatched,,0.0
10754,Lucas,Mari,G,VBC,4.1,0.0,-0.2,1,10754,Lucas Mari,0.0,,63.63636363636363,PAM,1.0,0.0,,,,,,,,,,unmatched,,0.0
-,Oz,Blayzer,F,HTA,4.0,0.0,0.0,1,Oz Blayzer|HTA,Oz Blayzer,0.0,P009877,100.0,HTA,1.0,0.0,0.0,0.56868660084237,vs MAD,,,,,,,,,0.0
-,Burakcan,Yildizli,F,EFS,4.0,0.0,0.0,1,Burakcan Yildizli|EFS,Burakcan Yildizli,0.0,P004093,100.0,IST,1.0,0.0,0.0,0.37943793802310355,@ RED,,,,,,,,,0.0
12838,Andrija,Susic,G,BAY,4.0,0.0,0.0,1,12838,Andrija Susic,0.0,,64.0,MUN,1.0,0.0,,,,,,,,,,unmatched,,0.0
13431,Darius,Karutasu,F,EFS,4.0,0.0,0.0,1,13431,Darius Karutasu,0.0,,60.0,IST,1.0,0.0,,,,,,,,,,unmatched,,0.0
12806,Andrej,Bjelic,G,CZV,4.0,0.0,0.0,1,12806,Andrej Bjelic,0.0,,72.0,RED,1.0,0.0,,,,,,,,,,unmatched,,0.0
12453,Uros,Danilovic,F,PAR,4.0,0.0,0.0,1,12453,Uros Danilovic,0.0,,82.75862068965517,PAR,1.0,0.0,,,,,,,,,,unmatched,,0.0
13541,Caspar,Vossenberg,G,BAY,4.0,0.0,0.0,1,13541,Caspar Vossenberg,0.0,,51.61290322580645,MUN,1.0,0.0,,,,,,,,,,unmatched,,0.0
-,Vojin,Medarevic,C,CZV,4.0,0.0,0.0,1,Vojin Medarevic|CZV,Vojin Medarevic,0.0,,58.06451612903225,RED,1.0,0.0,,,,,,,,,,unmatched,,0.0
13579,Kilian,Fischer,F,BAY,4.0,0.0,0.0,1,13579,Kilian Fischer,0.0,P013579,100.0,MUN,1.0,0.0,0.0,0.4863796181217726,vs PAR,,,,,,,,,0.0
10106,Juan,Nunez,G,BAR,4.5,0.0,-0.2,1,10106,Juan Nunez,0.0,P010106,100.0,BAR,1.0,-0.2688505861163543,-0.2688505861163543,0.43254797952807866,@ BES,0.0,0.0,0.0,0.0,2.0,0.0,DNP last 2,,-0.05974457469252318
-,Pablo,Laso,HC,EFS,7.2,2.5,-0.2,1,HC-EFS,Pablo Laso,0.0,,0.0,IST,1.0,-0.28272040310058877,,,@ RED,,,,,,,,,-0.03926672265285955
14122,Omiros,Netzipoglou,G,OLY,4.0,0.0,0.0,1,14122,Omiros Netzipoglou,0.0,P014122,100.0,OLY,1.0,-0.41555493814610517,-0.41555493814610517,0.6378550887935037,@ VIR,,,,,,,,,-0.10388873453652629
-,Uros,Mijailovic,F,PAR,4.0,0.0,0.0,1,Uros Mijailovic|PAR,Uros Mijailovic,0.0,P012943,100.0,PAR,1.0,-0.5410553970421365,-0.5410553970421365,0.5136203818782274,@ MUN,,,,,,,,,-0.1352638492605341
-,Itay,Segev,C,HTA,4.0,0.0,0.0,1,Itay Segev|HTA,Itay Segev,0.0,P004161,100.0,HTA,1.0,-0.705470745293543,-0.705470745293543,0.56868660084237,vs MAD,,,,,,,,,-0.17636768632338576
-,Alex,Mumbru,HC,VIR,4.8,-5.0,-0.4,1,HC-VIR,Alex Mumbru,0.0,,0.0,VIR,1.0,-0.8025665004942497,,,vs OLY,,,,,,,,,-0.16720135426963537
13028,Matteo,Baiocchi,G,VIR,4.0,0.0,0.0,1,13028,Matteo Baiocchi,0.0,P013028,100.0,VIR,1.0,-0.850314249756132,-0.850314249756132,0.3621449112064963,vs OLY,,,,,,,,,-0.212578562439033
-,Xavi,Pascual,HC,DUB,8.1,10.0,0.2,1,HC-DUB,Xavi Pascual,0.0,,0.0,DUB,1.0,-1.335630940216498,,,@ ULK,,,,,,,,,-0.16489270866870348
-,Oded,Kattash,HC,MTA,6.2,-5.0,-0.3,1,HC-MTA,Oded Kattash,0.0,,0.0,TEL,1.0,-3.0511782465120763,,,@ PAN,,,,,,,,,-0.49212552363098
